,17538
1.1.,8701
1.1.1.1.,1236
1.1.1.1.1.1.,406
1.1.1.1.1.1.1.1.1.1.3.5.,1
1.1.1.1.1.1.1.1.1.2.4.7.,70
1.1.1.1.1.1.1.1.1.3.6.,6
1.1.1.1.1.1.1.1.2.2.,2
1.1.1.1.1.1.1.1.2.2.2.3.7.,2
1.1.1.1.1.1.1.1.2.2.3.7.,1
1.1.1.1.1.1.1.1.2.2.4.5.5.,5
1.1.1.1.1.1.1.1.2.2.6.,19
1.1.1.1.1.1.1.1.2.3.3.5.5.,2
1.1.1.1.1.1.1.1.2.3.3.6.,1
1.1.1.1.1.1.1.1.2.3.7.,1
1.1.1.1.1.1.1.1.2.4.,16
1.1.1.1.1.1.1.1.2.4.4.4.,1
1.1.1.1.1.1.1.1.2.4.4.6.,1
1.1.1.1.1.1.1.1.2.4.6.,3
1.1.1.1.1.1.1.1.2.6.,3
1.1.1.1.1.1.1.1.3.3.,1
1.1.1.1.1.1.1.1.3.5.,4
1.1.1.1.1.1.1.1.4.,3
1.1.1.1.1.1.1.2.2.2.3.4.5.5.6.,4
1.1.1.1.1.1.1.2.2.2.4.4.5.6.,2
1.1.1.1.1.1.1.2.2.2.4.5.6.,1
1.1.1.1.1.1.1.2.2.3.,45
1.1.1.1.1.1.1.2.2.3.3.4.5.,2
1.1.1.1.1.1.1.2.2.3.3.5.,4
1.1.1.1.1.1.1.2.2.3.4.5.5.,1
1.1.1.1.1.1.1.2.2.3.4.6.,5
1.1.1.1.1.1.1.2.2.3.5.5.,2
1.1.1.1.1.1.1.2.2.4.4.5.,1
1.1.1.1.1.1.1.2.3.,17
1.1.1.1.1.1.1.2.3.3.3.5.5.6.,1
1.1.1.1.1.1.1.2.3.3.4.4.5.,1
1.1.1.1.1.1.1.2.3.3.4.5.,1
1.1.1.1.1.1.1.2.3.3.5.,3
1.1.1.1.1.1.1.2.3.4.,14
1.1.1.1.1.1.1.2.3.4.4.,9
1.1.1.1.1.1.1.2.3.4.5.5.,3
1.1.1.1.1.1.1.2.4.5.,3
1.1.1.1.1.1.1.3.,90
1.1.1.1.1.1.1.3.3.3.3.3.6.,2
1.1.1.1.1.1.1.3.4.,18
1.1.1.1.1.1.1.3.5.5.,1
1.1.1.1.1.1.1.4.5.,4
1.1.1.1.1.1.2.,260
1.1.1.1.1.1.2.2.,38
1.1.1.1.1.1.2.2.2.,41
1.1.1.1.1.1.2.2.2.2.2.3.5.7.9.,1
1.1.1.1.1.1.2.2.2.2.3.5.6.,2
1.1.1.1.1.1.2.2.2.2.4.4.,3
1.1.1.1.1.1.2.2.2.2.6.8.,1
1.1.1.1.1.1.2.2.2.3.3.,3
1.1.1.1.1.1.2.2.2.3.3.4.,5
1.1.1.1.1.1.2.2.2.3.3.4.7.7.,10
1.1.1.1.1.1.2.2.2.3.3.5.6.7.,1
1.1.1.1.1.1.2.2.2.3.4.4.5.6.,4
1.1.1.1.1.1.2.2.2.3.4.5.,3
1.1.1.1.1.1.2.2.2.3.5.,24
1.1.1.1.1.1.2.2.2.3.5.6.,1
1.1.1.1.1.1.2.2.2.4.4.,4
1.1.1.1.1.1.2.2.2.4.6.,1
1.1.1.1.1.1.2.2.3.3.,144
1.1.1.1.1.1.2.2.3.3.3.3.6.,1
1.1.1.1.1.1.2.2.3.3.3.5.,2
1.1.1.1.1.1.2.2.3.3.4.,93
1.1.1.1.1.1.2.2.3.3.4.6.6.,5
1.1.1.1.1.1.2.2.3.3.5.5.,5
1.1.1.1.1.1.2.2.3.3.6.,3
1.1.1.1.1.1.2.2.3.3.8.,1
1.1.1.1.1.1.2.2.3.4.5.,16
1.1.1.1.1.1.2.2.3.4.7.,1
1.1.1.1.1.1.2.2.3.5.,2
1.1.1.1.1.1.2.2.3.7.,4
1.1.1.1.1.1.2.2.4.,66
1.1.1.1.1.1.2.2.4.4.,12
1.1.1.1.1.1.2.2.4.6.,6
1.1.1.1.1.1.2.2.5.5.,16
1.1.1.1.1.1.2.2.6.,51
1.1.1.1.1.1.2.3.3.,42
1.1.1.1.1.1.2.3.3.3.4.5.,5
1.1.1.1.1.1.2.3.3.3.5.,4
1.1.1.1.1.1.2.3.3.3.5.6.,1
1.1.1.1.1.1.2.3.3.4.,15
1.1.1.1.1.1.2.3.3.4.4.,4
1.1.1.1.1.1.2.3.3.4.6.,1
1.1.1.1.1.1.2.3.3.4.6.6.,6
1.1.1.1.1.1.2.3.3.5.5.,5
1.1.1.1.1.1.2.3.3.6.,2
1.1.1.1.1.1.2.3.4.5.,25
1.1.1.1.1.1.2.3.5.,2
1.1.1.1.1.1.2.3.7.,1
1.1.1.1.1.1.2.4.,45
1.1.1.1.1.1.2.4.4.,26
1.1.1.1.1.1.2.4.6.,4
1.1.1.1.1.1.2.5.5.,99
1.1.1.1.1.1.2.6.,3
1.1.1.1.1.1.3.3.,33
1.1.1.1.1.1.3.3.3.4.5.,1
1.1.1.1.1.1.3.3.3.5.6.,2
1.1.1.1.1.1.3.3.4.,4
1.1.1.1.1.1.3.3.4.4.,3
1.1.1.1.1.1.3.3.4.4.4.,3
1.1.1.1.1.1.3.3.4.4.4.4.,1
1.1.1.1.1.1.3.4.5.,2
1.1.1.1.1.1.3.5.,6
1.1.1.1.1.1.4.,56
1.1.1.1.1.1.4.4.,15
1.1.1.1.1.1.6.,111
1.1.1.1.1.2.2.2.2.2.3.,4
1.1.1.1.1.2.2.2.2.2.3.4.,1
1.1.1.1.1.2.2.2.2.3.,6
1.1.1.1.1.2.2.2.2.3.4.,1
1.1.1.1.1.2.2.2.2.3.4.4.,1
1.1.1.1.1.2.2.2.2.3.4.5.5.,1
1.1.1.1.1.2.2.2.2.3.5.6.7.,4
1.1.1.1.1.2.2.2.2.3.6.,4
1.1.1.1.1.2.2.2.2.4.5.,9
1.1.1.1.1.2.2.2.2.5.,30
1.1.1.1.1.2.2.2.2.7.,1
1.1.1.1.1.2.2.2.3.,48
1.1.1.1.1.2.2.2.3.3.3.,10
1.1.1.1.1.2.2.2.3.3.3.4.,7
1.1.1.1.1.2.2.2.3.3.4.5.,8
1.1.1.1.1.2.2.2.3.3.5.,1
1.1.1.1.1.2.2.2.3.3.5.6.,2
1.1.1.1.1.2.2.2.3.4.,140
1.1.1.1.1.2.2.2.3.4.4.,4
1.1.1.1.1.2.2.2.3.4.4.5.5.,6
1.1.1.1.1.2.2.2.3.4.4.6.,1
1.1.1.1.1.2.2.2.3.4.6.,6
1.1.1.1.1.2.2.2.3.4.6.6.,2
1.1.1.1.1.2.2.2.3.4.7.7.,3
1.1.1.1.1.2.2.2.3.5.5.,22
1.1.1.1.1.2.2.2.3.5.5.6.,2
1.1.1.1.1.2.2.2.3.6.,1
1.1.1.1.1.2.2.2.4.4.5.,12
1.1.1.1.1.2.2.2.4.5.,5
1.1.1.1.1.2.2.2.4.5.6.,1
1.1.1.1.1.2.2.2.4.7.,1
1.1.1.1.1.2.2.2.5.,15
1.1.1.1.1.2.2.3.,113
1.1.1.1.1.2.2.3.3.3.,5
1.1.1.1.1.2.2.3.3.3.3.3.,6
1.1.1.1.1.2.2.3.3.3.4.,4
1.1.1.1.1.2.2.3.3.3.4.4.,5
1.1.1.1.1.2.2.3.3.3.4.6.,5
1.1.1.1.1.2.2.3.3.3.5.5.5.5.6.,4
1.1.1.1.1.2.2.3.3.3.6.,1
1.1.1.1.1.2.2.3.3.4.4.5.,33
1.1.1.1.1.2.2.3.3.4.5.,26
1.1.1.1.1.2.2.3.3.4.5.5.5.,2
1.1.1.1.1.2.2.3.3.5.,20
1.1.1.1.1.2.2.3.3.7.,1
1.1.1.1.1.2.2.3.4.,91
1.1.1.1.1.2.2.3.4.4.,55
1.1.1.1.1.2.2.3.4.4.4.,5
1.1.1.1.1.2.2.3.4.5.5.,2
1.1.1.1.1.2.2.3.4.5.5.6.,1
1.1.1.1.1.2.2.3.6.,1
1.1.1.1.1.2.2.4.4.4.5.,7
1.1.1.1.1.2.2.4.4.5.,2
1.1.1.1.1.2.2.4.5.,16
1.1.1.1.1.2.2.5.,147
1.1.1.1.1.2.2.5.6.,16
1.1.1.1.1.2.3.,819
1.1.1.1.1.2.3.3.3.,27
1.1.1.1.1.2.3.3.3.4.,18
1.1.1.1.1.2.3.3.3.4.4.,1
1.1.1.1.1.2.3.3.3.4.4.4.,1
1.1.1.1.1.2.3.3.3.4.5.5.,6
1.1.1.1.1.2.3.3.3.6.,1
1.1.1.1.1.2.3.3.4.4.4.5.,9
1.1.1.1.1.2.3.3.4.4.5.,66
1.1.1.1.1.2.3.3.4.4.6.7.,6
1.1.1.1.1.2.3.3.4.5.,19
1.1.1.1.1.2.3.3.4.5.6.,2
1.1.1.1.1.2.3.3.4.7.,3
1.1.1.1.1.2.3.3.5.,22
1.1.1.1.1.2.3.3.5.6.,4
1.1.1.1.1.2.3.4.,275
1.1.1.1.1.2.3.4.4.,93
1.1.1.1.1.2.3.4.4.4.,3
1.1.1.1.1.2.3.4.4.4.4.,1
1.1.1.1.1.2.3.4.4.4.5.5.,2
1.1.1.1.1.2.3.4.6.,1
1.1.1.1.1.2.3.5.5.,1
1.1.1.1.1.2.4.5.,63
1.1.1.1.1.2.5.,212
1.1.1.1.1.3.,266
1.1.1.1.1.3.3.3.,12
1.1.1.1.1.3.3.3.4.,1
1.1.1.1.1.3.3.5.,1
1.1.1.1.1.3.4.,156
1.1.1.1.1.3.4.4.,7
1.1.1.1.1.5.,322
1.1.1.1.2.,1995
1.1.1.1.2.2.,530
1.1.1.1.2.2.2.,472
1.1.1.1.2.2.2.2.,37
1.1.1.1.2.2.2.2.2.,189
1.1.1.1.2.2.2.2.2.2.,99
1.1.1.1.2.2.2.2.2.2.3.3.5.7.,2
1.1.1.1.2.2.2.2.2.2.6.8.,1
1.1.1.1.2.2.2.2.2.3.3.,2
1.1.1.1.2.2.2.2.2.3.3.3.5.,1
1.1.1.1.2.2.2.2.2.3.3.3.5.6.,2
1.1.1.1.2.2.2.2.2.3.3.4.,1
1.1.1.1.2.2.2.2.2.3.4.4.5.,2
1.1.1.1.2.2.2.2.2.3.4.5.,1
1.1.1.1.2.2.2.2.2.3.4.7.,1
1.1.1.1.2.2.2.2.2.3.5.,9
1.1.1.1.2.2.2.2.2.3.5.6.8.,1
1.1.1.1.2.2.2.2.2.4.,84
1.1.1.1.2.2.2.2.2.4.4.6.,4
1.1.1.1.2.2.2.2.2.5.7.,29
1.1.1.1.2.2.2.2.3.3.,65
1.1.1.1.2.2.2.2.3.3.3.3.3.5.,1
1.1.1.1.2.2.2.2.3.3.3.3.4.,2
1.1.1.1.2.2.2.2.3.3.3.4.5.,2
1.1.1.1.2.2.2.2.3.3.3.5.,1
1.1.1.1.2.2.2.2.3.3.3.5.5.7.,3
1.1.1.1.2.2.2.2.3.3.3.5.6.,1
1.1.1.1.2.2.2.2.3.3.4.,4
1.1.1.1.2.2.2.2.3.3.4.4.,4
1.1.1.1.2.2.2.2.3.3.4.4.6.,6
1.1.1.1.2.2.2.2.3.3.4.5.7.,2
1.1.1.1.2.2.2.2.3.3.4.6.,1
1.1.1.1.2.2.2.2.3.3.5.7.8.,10
1.1.1.1.2.2.2.2.3.3.6.,1
1.1.1.1.2.2.2.2.3.4.4.5.,60
1.1.1.1.2.2.2.2.3.4.5.,13
1.1.1.1.2.2.2.2.3.4.6.7.,1
1.1.1.1.2.2.2.2.3.4.7.,2
1.1.1.1.2.2.2.2.3.5.,2
1.1.1.1.2.2.2.2.3.5.5.5.,1
1.1.1.1.2.2.2.2.3.5.6.,1
1.1.1.1.2.2.2.2.4.,152
1.1.1.1.2.2.2.2.4.4.,83
1.1.1.1.2.2.2.2.4.4.5.5.,1
1.1.1.1.2.2.2.2.4.4.5.5.6.,7
1.1.1.1.2.2.2.2.4.6.,1
1.1.1.1.2.2.2.2.5.5.,4
1.1.1.1.2.2.2.2.6.,1
1.1.1.1.2.2.2.3.3.,95
1.1.1.1.2.2.2.3.3.3.3.,4
1.1.1.1.2.2.2.3.3.3.3.3.3.4.,2
1.1.1.1.2.2.2.3.3.3.3.3.3.5.7.,6
1.1.1.1.2.2.2.3.3.3.3.4.,4
1.1.1.1.2.2.2.3.3.3.3.4.4.,1
1.1.1.1.2.2.2.3.3.3.3.5.5.,3
1.1.1.1.2.2.2.3.3.3.4.4.5.,3
1.1.1.1.2.2.2.3.3.3.4.5.,5
1.1.1.1.2.2.2.3.3.3.4.5.6.,1
1.1.1.1.2.2.2.3.3.3.5.,28
1.1.1.1.2.2.2.3.3.3.5.5.7.,4
1.1.1.1.2.2.2.3.3.3.5.6.,1
1.1.1.1.2.2.2.3.3.4.,167
1.1.1.1.2.2.2.3.3.4.4.,7
1.1.1.1.2.2.2.3.3.4.4.4.,2
1.1.1.1.2.2.2.3.3.4.4.4.4.,2
1.1.1.1.2.2.2.3.3.4.5.5.,5
1.1.1.1.2.2.2.3.3.4.5.7.,3
1.1.1.1.2.2.2.3.3.5.5.,4
1.1.1.1.2.2.2.3.3.5.5.8.,1
1.1.1.1.2.2.2.3.3.6.,2
1.1.1.1.2.2.2.3.4.4.4.5.,17
1.1.1.1.2.2.2.3.4.4.5.,4
1.1.1.1.2.2.2.3.4.5.,71
1.1.1.1.2.2.2.3.4.5.6.,5
1.1.1.1.2.2.2.3.4.6.7.,4
1.1.1.1.2.2.2.3.5.,39
1.1.1.1.2.2.2.3.5.6.,15
1.1.1.1.2.2.2.3.7.,1
1.1.1.1.2.2.2.4.,317
1.1.1.1.2.2.2.4.4.,111
1.1.1.1.2.2.2.4.4.4.,15
1.1.1.1.2.2.2.4.4.4.5.5.,1
1.1.1.1.2.2.2.4.4.5.5.,3
1.1.1.1.2.2.2.4.6.,3
1.1.1.1.2.2.2.5.5.,16
1.1.1.1.2.2.2.5.7.,69
1.1.1.1.2.2.2.6.,23
1.1.1.1.2.2.3.3.,343
1.1.1.1.2.2.3.3.3.3.,1
1.1.1.1.2.2.3.3.3.3.3.4.5.,4
1.1.1.1.2.2.3.3.3.3.3.5.,4
1.1.1.1.2.2.3.3.3.3.4.,34
1.1.1.1.2.2.3.3.3.3.4.4.,1
1.1.1.1.2.2.3.3.3.3.4.4.4.,90
1.1.1.1.2.2.3.3.3.3.4.5.5.,1
1.1.1.1.2.2.3.3.3.3.4.6.6.,3
1.1.1.1.2.2.3.3.3.3.5.5.5.5.,1
1.1.1.1.2.2.3.3.3.3.6.6.,1
1.1.1.1.2.2.3.3.3.4.4.4.5.,29
1.1.1.1.2.2.3.3.3.4.4.5.,1
1.1.1.1.2.2.3.3.3.4.5.,2
1.1.1.1.2.2.3.3.3.4.5.6.,1
1.1.1.1.2.2.3.3.3.5.,7
1.1.1.1.2.2.3.3.3.5.6.,9
1.1.1.1.2.2.3.3.3.5.6.8.,6
1.1.1.1.2.2.3.3.3.7.,3
1.1.1.1.2.2.3.3.4.,76
1.1.1.1.2.2.3.3.4.4.,28
1.1.1.1.2.2.3.3.4.4.4.,7
1.1.1.1.2.2.3.3.4.4.5.5.,1
1.1.1.1.2.2.3.3.4.4.6.,1
1.1.1.1.2.2.3.3.4.5.5.,4
1.1.1.1.2.2.3.3.4.6.,12
1.1.1.1.2.2.3.3.6.,7
1.1.1.1.2.2.3.4.4.5.,7
1.1.1.1.2.2.3.4.4.5.6.,7
1.1.1.1.2.2.3.4.5.,63
1.1.1.1.2.2.3.5.,75
1.1.1.1.2.2.4.,560
1.1.1.1.2.2.4.4.,158
1.1.1.1.2.2.4.4.4.,4
1.1.1.1.2.2.4.4.6.,1
1.1.1.1.2.2.4.6.,18
1.1.1.1.2.2.6.,4
1.1.1.1.2.3.3.,237
1.1.1.1.2.3.3.3.3.,16
1.1.1.1.2.3.3.3.3.3.4.5.,21
1.1.1.1.2.3.3.3.3.3.4.5.6.,57
1.1.1.1.2.3.3.3.3.3.5.5.5.,3
1.1.1.1.2.3.3.3.3.4.,15
1.1.1.1.2.3.3.3.3.4.4.,1
1.1.1.1.2.3.3.3.3.4.4.4.,3
1.1.1.1.2.3.3.3.3.4.4.6.,2
1.1.1.1.2.3.3.3.3.5.5.,1
1.1.1.1.2.3.3.3.4.4.4.7.8.,2
1.1.1.1.2.3.3.3.4.4.5.,2
1.1.1.1.2.3.3.3.4.5.,10
1.1.1.1.2.3.3.3.4.5.6.,2
1.1.1.1.2.3.3.3.4.5.8.,1
1.1.1.1.2.3.3.3.5.,1
1.1.1.1.2.3.3.3.5.6.,2
1.1.1.1.2.3.3.3.5.8.,1
1.1.1.1.2.3.3.3.7.,1
1.1.1.1.2.3.3.4.,102
1.1.1.1.2.3.3.4.4.,12
1.1.1.1.2.3.3.4.4.4.,1
1.1.1.1.2.3.3.4.4.5.6.7.,1
1.1.1.1.2.3.3.4.4.6.6.,1
1.1.1.1.2.3.3.4.5.5.,2
1.1.1.1.2.3.3.4.5.6.7.,3
1.1.1.1.2.3.3.4.5.7.,1
1.1.1.1.2.3.3.4.6.,9
1.1.1.1.2.3.3.5.5.,2
1.1.1.1.2.3.4.4.5.,1
1.1.1.1.2.3.4.5.,4
1.1.1.1.2.3.5.,60
1.1.1.1.2.4.,660
1.1.1.1.2.4.4.,443
1.1.1.1.2.4.4.4.,2
1.1.1.1.3.3.,189
1.1.1.1.3.3.3.3.,1
1.1.1.1.3.3.3.3.4.,2
1.1.1.1.3.3.3.4.4.5.5.5.,3
1.1.1.1.3.3.3.4.5.,1
1.1.1.1.3.3.3.5.,1
1.1.1.1.3.3.4.,45
1.1.1.1.3.3.4.4.4.4.4.5.6.7.,1
1.1.1.1.3.3.5.5.6.,2
1.1.1.1.3.4.4.4.4.4.5.6.,1
1.1.1.1.3.4.4.5.,1
1.1.1.1.4.,572
1.1.1.2.2.2.2.2.2.2.2.3.,1
1.1.1.2.2.2.2.2.2.2.3.4.4.,2
1.1.1.2.2.2.2.2.2.3.,2
1.1.1.2.2.2.2.2.2.3.3.3.,78
1.1.1.2.2.2.2.2.2.3.4.,4
1.1.1.2.2.2.2.2.2.3.4.4.,8
1.1.1.2.2.2.2.2.2.3.4.5.5.,1
1.1.1.2.2.2.2.2.2.3.4.6.,1
1.1.1.2.2.2.2.2.2.4.5.,6
1.1.1.2.2.2.2.2.2.5.,5
1.1.1.2.2.2.2.2.2.6.7.,1
1.1.1.2.2.2.2.2.3.,48
1.1.1.2.2.2.2.2.3.3.3.,14
1.1.1.2.2.2.2.2.3.3.3.3.4.5.,2
1.1.1.2.2.2.2.2.3.3.3.4.4.6.,18
1.1.1.2.2.2.2.2.3.3.3.4.6.6.,6
1.1.1.2.2.2.2.2.3.3.3.6.,8
1.1.1.2.2.2.2.2.3.3.4.4.5.,4
1.1.1.2.2.2.2.2.3.3.4.5.,1
1.1.1.2.2.2.2.2.3.3.5.,3
1.1.1.2.2.2.2.2.3.4.,16
1.1.1.2.2.2.2.2.3.4.4.4.,1
1.1.1.2.2.2.2.2.3.4.4.5.5.6.,10
1.1.1.2.2.2.2.2.3.4.5.5.,2
1.1.1.2.2.2.2.2.3.4.6.,2
1.1.1.2.2.2.2.2.3.4.7.9.,2
1.1.1.2.2.2.2.2.3.6.,1
1.1.1.2.2.2.2.2.4.4.5.,10
1.1.1.2.2.2.2.2.4.5.,18
1.1.1.2.2.2.2.2.4.5.6.,1
1.1.1.2.2.2.2.2.5.,4
1.1.1.2.2.2.2.2.5.6.,1
1.1.1.2.2.2.2.3.,396
1.1.1.2.2.2.2.3.3.3.,40
1.1.1.2.2.2.2.3.3.3.3.3.,31
1.1.1.2.2.2.2.3.3.3.3.3.4.,1
1.1.1.2.2.2.2.3.3.3.3.3.4.4.6.,11
1.1.1.2.2.2.2.3.3.3.3.3.5.7.,1
1.1.1.2.2.2.2.3.3.3.3.4.4.5.,4
1.1.1.2.2.2.2.3.3.3.3.4.7.,1
1.1.1.2.2.2.2.3.3.3.3.5.,1
1.1.1.2.2.2.2.3.3.3.3.5.5.7.,1
1.1.1.2.2.2.2.3.3.3.3.5.6.,2
1.1.1.2.2.2.2.3.3.3.4.,18
1.1.1.2.2.2.2.3.3.3.4.5.5.,1
1.1.1.2.2.2.2.3.3.3.4.5.5.6.,3
1.1.1.2.2.2.2.3.3.3.4.6.,2
1.1.1.2.2.2.2.3.3.3.4.6.6.,4
1.1.1.2.2.2.2.3.3.3.5.7.,1
1.1.1.2.2.2.2.3.3.3.6.,1
1.1.1.2.2.2.2.3.3.4.4.4.5.,11
1.1.1.2.2.2.2.3.3.4.4.5.,3
1.1.1.2.2.2.2.3.3.4.4.5.6.,7
1.1.1.2.2.2.2.3.3.4.4.7.,1
1.1.1.2.2.2.2.3.3.4.5.,13
1.1.1.2.2.2.2.3.3.4.5.6.,9
1.1.1.2.2.2.2.3.3.5.,61
1.1.1.2.2.2.2.3.3.5.6.,2
1.1.1.2.2.2.2.3.3.6.7.,8
1.1.1.2.2.2.2.3.4.,203
1.1.1.2.2.2.2.3.4.4.,8
1.1.1.2.2.2.2.3.4.4.4.,10
1.1.1.2.2.2.2.3.4.4.4.5.5.,1
1.1.1.2.2.2.2.3.4.4.4.5.7.,3
1.1.1.2.2.2.2.3.4.4.4.6.,18
1.1.1.2.2.2.2.3.4.4.5.5.,1
1.1.1.2.2.2.2.3.4.4.6.,1
1.1.1.2.2.2.2.3.4.5.5.,11
1.1.1.2.2.2.2.3.4.5.5.6.6.,1
1.1.1.2.2.2.2.3.4.6.,2
1.1.1.2.2.2.2.3.4.6.6.,1
1.1.1.2.2.2.2.3.5.5.,3
1.1.1.2.2.2.2.3.5.6.7.,1
1.1.1.2.2.2.2.3.5.7.,1
1.1.1.2.2.2.2.3.6.,3
1.1.1.2.2.2.2.3.6.6.6.,1
1.1.1.2.2.2.2.4.4.5.,24
1.1.1.2.2.2.2.4.4.5.5.5.,2
1.1.1.2.2.2.2.4.5.,87
1.1.1.2.2.2.2.4.5.5.7.,2
1.1.1.2.2.2.2.4.5.6.,1
1.1.1.2.2.2.2.4.7.,1
1.1.1.2.2.2.2.5.,28
1.1.1.2.2.2.3.,1600
1.1.1.2.2.2.3.3.3.,80
1.1.1.2.2.2.3.3.3.3.3.,2
1.1.1.2.2.2.3.3.3.3.3.3.3.,28
1.1.1.2.2.2.3.3.3.3.3.3.5.6.,1
1.1.1.2.2.2.3.3.3.3.3.4.5.6.7.,11
1.1.1.2.2.2.3.3.3.3.3.5.5.6.,4
1.1.1.2.2.2.3.3.3.3.3.6.,1
1.1.1.2.2.2.3.3.3.3.4.5.,6
1.1.1.2.2.2.3.3.3.3.5.,2
1.1.1.2.2.2.3.3.3.3.5.5.5.,1
1.1.1.2.2.2.3.3.3.3.6.7.,1
1.1.1.2.2.2.3.3.3.3.7.,50
1.1.1.2.2.2.3.3.3.4.,71
1.1.1.2.2.2.3.3.3.4.4.,4
1.1.1.2.2.2.3.3.3.4.4.4.,5
1.1.1.2.2.2.3.3.3.4.4.5.6.7.,1
1.1.1.2.2.2.3.3.3.4.4.5.7.,1
1.1.1.2.2.2.3.3.3.4.4.6.7.7.,1
1.1.1.2.2.2.3.3.3.4.5.5.,2
1.1.1.2.2.2.3.3.3.4.5.6.8.9.,2
1.1.1.2.2.2.3.3.3.4.5.7.,2
1.1.1.2.2.2.3.3.3.4.6.,2
1.1.1.2.2.2.3.3.3.5.5.,3
1.1.1.2.2.2.3.3.3.5.5.6.,1
1.1.1.2.2.2.3.3.3.5.5.8.,1
1.1.1.2.2.2.3.3.3.6.,1
1.1.1.2.2.2.3.3.4.4.4.5.,3
1.1.1.2.2.2.3.3.4.4.4.5.5.5.,106
1.1.1.2.2.2.3.3.4.4.4.5.6.,4
1.1.1.2.2.2.3.3.4.4.4.5.6.6.,1
1.1.1.2.2.2.3.3.4.4.5.,9
1.1.1.2.2.2.3.3.4.4.6.7.8.,1
1.1.1.2.2.2.3.3.4.5.,107
1.1.1.2.2.2.3.3.4.5.5.5.,1
1.1.1.2.2.2.3.3.4.5.6.,8
1.1.1.2.2.2.3.3.4.5.8.,1
1.1.1.2.2.2.3.3.4.7.,4
1.1.1.2.2.2.3.3.5.,46
1.1.1.2.2.2.3.3.5.5.7.,1
1.1.1.2.2.2.3.3.5.6.,5
1.1.1.2.2.2.3.3.6.7.,1
1.1.1.2.2.2.3.3.7.,1
1.1.1.2.2.2.3.4.,395
1.1.1.2.2.2.3.4.4.,484
1.1.1.2.2.2.3.4.4.4.,3
1.1.1.2.2.2.3.4.4.4.4.6.,1
1.1.1.2.2.2.3.4.4.4.6.,1
1.1.1.2.2.2.3.4.4.5.5.,1
1.1.1.2.2.2.3.4.4.5.7.,55
1.1.1.2.2.2.3.4.4.6.,17
1.1.1.2.2.2.3.4.5.5.,2
1.1.1.2.2.2.3.4.5.7.,7
1.1.1.2.2.2.3.4.6.,13
1.1.1.2.2.2.3.5.5.,2
1.1.1.2.2.2.3.5.5.6.,6
1.1.1.2.2.2.3.5.7.,2
1.1.1.2.2.2.3.6.,14
1.1.1.2.2.2.4.4.4.5.6.,1
1.1.1.2.2.2.4.4.5.,1
1.1.1.2.2.2.4.4.5.6.6.,1
1.1.1.2.2.2.4.5.,203
1.1.1.2.2.2.4.5.5.5.,1
1.1.1.2.2.2.4.7.,3
1.1.1.2.2.2.5.,241
1.1.1.2.2.2.5.6.,8
1.1.1.2.2.3.,1478
1.1.1.2.2.3.3.3.,131
1.1.1.2.2.3.3.3.3.3.,10
1.1.1.2.2.3.3.3.3.3.4.5.5.6.,4
1.1.1.2.2.3.3.3.3.4.4.5.,59
1.1.1.2.2.3.3.3.3.4.4.5.5.6.7.,5
1.1.1.2.2.3.3.3.3.4.4.5.6.,88
1.1.1.2.2.3.3.3.3.4.4.7.8.,2
1.1.1.2.2.3.3.3.3.4.5.,8
1.1.1.2.2.3.3.3.3.4.5.6.,1
1.1.1.2.2.3.3.3.3.5.,84
1.1.1.2.2.3.3.3.3.7.,3
1.1.1.2.2.3.3.3.4.,65
1.1.1.2.2.3.3.3.4.4.,49
1.1.1.2.2.3.3.3.4.4.4.5.6.7.,2
1.1.1.2.2.3.3.3.4.5.5.6.8.,7
1.1.1.2.2.3.3.3.4.5.6.7.8.,1
1.1.1.2.2.3.3.3.4.5.7.,5
1.1.1.2.2.3.3.3.4.6.,3
1.1.1.2.2.3.3.3.4.6.6.6.,1
1.1.1.2.2.3.3.3.4.6.6.7.7.,2
1.1.1.2.2.3.3.3.5.5.,10
1.1.1.2.2.3.3.3.5.5.6.,1
1.1.1.2.2.3.3.3.5.6.7.,2
1.1.1.2.2.3.3.3.6.,25
1.1.1.2.2.3.3.4.4.4.4.5.6.,1
1.1.1.2.2.3.3.4.4.4.5.,55
1.1.1.2.2.3.3.4.4.4.5.6.,2
1.1.1.2.2.3.3.4.4.5.,15
1.1.1.2.2.3.3.4.4.5.6.,1
1.1.1.2.2.3.3.4.4.6.6.7.,2
1.1.1.2.2.3.3.4.5.,138
1.1.1.2.2.3.3.4.5.5.5.6.7.7.,1
1.1.1.2.2.3.3.4.5.6.,3
1.1.1.2.2.3.3.4.5.8.,1
1.1.1.2.2.3.3.4.7.,1
1.1.1.2.2.3.3.5.,131
1.1.1.2.2.3.3.5.5.7.,8
1.1.1.2.2.3.3.5.6.,4
1.1.1.2.2.3.3.5.6.6.,1
1.1.1.2.2.3.3.7.,1
1.1.1.2.2.3.4.,344
1.1.1.2.2.3.4.4.,265
1.1.1.2.2.3.4.4.4.,23
1.1.1.2.2.3.4.4.4.4.,20
1.1.1.2.2.3.4.4.5.5.,5
1.1.1.2.2.3.4.4.5.5.6.7.7.,1
1.1.1.2.2.3.4.5.5.,12
1.1.1.2.2.3.4.5.6.6.6.7.,1
1.1.1.2.2.3.4.5.6.7.,4
1.1.1.2.2.3.4.6.,7
1.1.1.2.2.3.5.5.,56
1.1.1.2.2.3.6.,8
1.1.1.2.2.4.4.4.4.5.,3
1.1.1.2.2.4.4.5.,5
1.1.1.2.2.4.5.,198
1.1.1.2.2.4.5.5.5.,1
1.1.1.2.2.5.,49
1.1.1.2.3.,1845
1.1.1.2.3.3.3.,93
1.1.1.2.3.3.3.3.3.4.4.4.,1
1.1.1.2.3.3.3.3.3.4.6.,13
1.1.1.2.3.3.3.3.3.5.5.,6
1.1.1.2.3.3.3.3.3.6.,2
1.1.1.2.3.3.3.3.4.4.4.5.,16
1.1.1.2.3.3.3.3.4.4.4.6.7.,4
1.1.1.2.3.3.3.3.4.4.5.,10
1.1.1.2.3.3.3.3.4.4.5.8.,2
1.1.1.2.3.3.3.3.4.5.,6
1.1.1.2.3.3.3.3.4.5.6.,3
1.1.1.2.3.3.3.3.5.,2
1.1.1.2.3.3.3.4.,71
1.1.1.2.3.3.3.4.4.,8
1.1.1.2.3.3.3.4.4.4.,3
1.1.1.2.3.3.3.4.4.4.4.4.,2
1.1.1.2.3.3.3.4.4.4.6.,1
1.1.1.2.3.3.3.4.4.5.5.,3
1.1.1.2.3.3.3.4.4.5.5.6.6.8.,2
1.1.1.2.3.3.3.4.4.5.5.6.8.,1
1.1.1.2.3.3.3.4.4.5.7.,1
1.1.1.2.3.3.3.4.4.6.,4
1.1.1.2.3.3.3.4.5.5.6.,1
1.1.1.2.3.3.3.5.5.,3
1.1.1.2.3.3.3.6.,10
1.1.1.2.3.3.4.4.4.4.7.7.7.,1
1.1.1.2.3.3.4.4.4.5.,5
1.1.1.2.3.3.4.4.4.5.5.5.,4
1.1.1.2.3.3.4.4.4.5.5.5.6.,47
1.1.1.2.3.3.4.4.4.5.6.,1
1.1.1.2.3.3.4.4.4.5.6.6.,1
1.1.1.2.3.3.4.4.4.6.6.7.,1
1.1.1.2.3.3.4.4.5.,1
1.1.1.2.3.3.4.4.5.5.5.,1
1.1.1.2.3.3.4.4.5.5.5.6.,1
1.1.1.2.3.3.4.4.5.6.,1
1.1.1.2.3.3.4.4.5.6.8.,1
1.1.1.2.3.3.4.4.7.,37
1.1.1.2.3.3.4.5.,18
1.1.1.2.3.3.4.5.5.5.,1
1.1.1.2.3.3.4.5.5.5.5.5.7.7.8.,90
1.1.1.2.3.3.4.5.6.,1
1.1.1.2.3.3.5.,9
1.1.1.2.3.3.5.6.,1
1.1.1.2.3.4.,448
1.1.1.2.3.4.4.,89
1.1.1.2.3.4.4.4.,6
1.1.1.2.3.4.4.5.5.,81
1.1.1.2.3.4.4.5.5.6.,1
1.1.1.2.3.4.4.6.6.6.,3
1.1.1.2.3.4.5.5.,3
1.1.1.2.4.4.4.4.5.,1
1.1.1.3.,3781
1.1.1.3.3.3.,19
1.1.1.3.3.3.3.3.3.4.4.4.5.,7
1.1.1.3.3.3.3.3.4.4.,2
1.1.1.3.3.3.3.3.4.4.5.5.6.,1
1.1.1.3.3.3.3.3.4.6.,1
1.1.1.3.3.3.3.4.4.4.4.4.5.,4
1.1.1.3.3.3.3.4.4.5.,1
1.1.1.3.3.3.3.4.4.5.6.,1
1.1.1.3.3.3.3.5.,2
1.1.1.3.3.3.4.,1
1.1.1.3.3.3.4.4.,14
1.1.1.3.3.3.4.4.4.4.,1
1.1.1.3.3.3.4.4.4.5.5.,2
1.1.1.3.3.3.4.4.4.6.,1
1.1.1.3.3.3.4.4.5.5.,3
1.1.1.3.3.3.4.4.6.,1
1.1.1.3.3.3.4.5.5.,5
1.1.1.3.3.4.4.4.4.5.,1
1.1.1.3.3.4.4.4.4.5.6.,2
1.1.1.3.3.4.4.4.5.,65
1.1.1.3.3.4.5.,2
1.1.1.3.3.5.5.5.,3
1.1.1.3.4.4.4.4.6.,2
1.1.1.3.4.4.4.5.5.,1
1.1.1.3.4.4.5.5.,11
1.1.2.,12825
1.1.2.2.,2440
1.1.2.2.2.,2994
1.1.2.2.2.2.,316
1.1.2.2.2.2.2.,230
1.1.2.2.2.2.2.2.,115
1.1.2.2.2.2.2.2.2.2.4.,1
1.1.2.2.2.2.2.2.2.3.3.4.,1
1.1.2.2.2.2.2.2.2.3.6.7.,15
1.1.2.2.2.2.2.2.2.4.,4
1.1.2.2.2.2.2.2.2.5.7.,1
1.1.2.2.2.2.2.2.3.3.,2
1.1.2.2.2.2.2.2.3.3.3.5.,2
1.1.2.2.2.2.2.2.3.3.4.,3
1.1.2.2.2.2.2.2.3.3.4.4.6.,2
1.1.2.2.2.2.2.2.3.3.4.5.5.,1
1.1.2.2.2.2.2.2.3.3.4.6.,1
1.1.2.2.2.2.2.2.3.4.4.5.,7
1.1.2.2.2.2.2.2.3.5.,36
1.1.2.2.2.2.2.2.3.5.6.,1
1.1.2.2.2.2.2.2.3.6.7.,1
1.1.2.2.2.2.2.2.4.,9
1.1.2.2.2.2.2.2.4.4.,2
1.1.2.2.2.2.2.2.4.4.6.,6
1.1.2.2.2.2.2.2.4.5.5.,6
1.1.2.2.2.2.2.2.5.5.,5
1.1.2.2.2.2.2.2.6.,1
1.1.2.2.2.2.2.3.3.,53
1.1.2.2.2.2.2.3.3.3.3.4.,4
1.1.2.2.2.2.2.3.3.3.3.5.7.,2
1.1.2.2.2.2.2.3.3.3.3.6.6.,2
1.1.2.2.2.2.2.3.3.3.4.4.5.,19
1.1.2.2.2.2.2.3.3.3.5.,7
1.1.2.2.2.2.2.3.3.4.,105
1.1.2.2.2.2.2.3.3.4.4.,11
1.1.2.2.2.2.2.3.3.8.,1
1.1.2.2.2.2.2.3.4.4.4.5.6.,2
1.1.2.2.2.2.2.3.4.4.5.,7
1.1.2.2.2.2.2.3.4.4.5.5.5.,1
1.1.2.2.2.2.2.3.4.5.,97
1.1.2.2.2.2.2.3.4.5.6.,5
1.1.2.2.2.2.2.3.4.5.6.6.,3
1.1.2.2.2.2.2.3.4.5.8.,1
1.1.2.2.2.2.2.3.4.6.7.,5
1.1.2.2.2.2.2.3.4.7.,2
1.1.2.2.2.2.2.3.5.,17
1.1.2.2.2.2.2.3.5.5.5.6.7.7.,2
1.1.2.2.2.2.2.3.5.6.,1
1.1.2.2.2.2.2.4.,56
1.1.2.2.2.2.2.4.4.,10
1.1.2.2.2.2.2.4.4.4.,5
1.1.2.2.2.2.2.4.5.5.,2
1.1.2.2.2.2.2.4.5.5.6.,1
1.1.2.2.2.2.2.4.5.5.6.6.,1
1.1.2.2.2.2.2.5.7.,2
1.1.2.2.2.2.2.6.,1
1.1.2.2.2.2.3.3.,179
1.1.2.2.2.2.3.3.3.3.,237
1.1.2.2.2.2.3.3.3.3.3.3.,6
1.1.2.2.2.2.3.3.3.3.3.5.6.,1
1.1.2.2.2.2.3.3.3.3.4.,12
1.1.2.2.2.2.3.3.3.3.4.4.,1
1.1.2.2.2.2.3.3.3.3.4.4.4.,1
1.1.2.2.2.2.3.3.3.3.4.6.,1
1.1.2.2.2.2.3.3.3.3.5.5.6.,2
1.1.2.2.2.2.3.3.3.4.4.7.,2
1.1.2.2.2.2.3.3.3.4.5.,14
1.1.2.2.2.2.3.3.3.4.6.7.,9
1.1.2.2.2.2.3.3.3.4.7.,9
1.1.2.2.2.2.3.3.3.5.,18
1.1.2.2.2.2.3.3.3.5.6.,7
1.1.2.2.2.2.3.3.3.7.,3
1.1.2.2.2.2.3.3.4.,50
1.1.2.2.2.2.3.3.4.4.,100
1.1.2.2.2.2.3.3.4.4.4.,7
1.1.2.2.2.2.3.3.4.4.4.4.,5
1.1.2.2.2.2.3.3.4.4.5.5.,1
1.1.2.2.2.2.3.3.4.4.5.5.6.,1
1.1.2.2.2.2.3.3.4.4.6.,13
1.1.2.2.2.2.3.3.4.5.5.,20
1.1.2.2.2.2.3.3.4.5.5.6.8.,1
1.1.2.2.2.2.3.3.4.6.,6
1.1.2.2.2.2.3.3.4.6.6.,1
1.1.2.2.2.2.3.3.4.6.8.,2
1.1.2.2.2.2.3.3.5.5.,104
1.1.2.2.2.2.3.3.5.6.7.,4
1.1.2.2.2.2.3.3.5.7.,3
1.1.2.2.2.2.3.3.6.,6
1.1.2.2.2.2.3.3.6.6.6.,1
1.1.2.2.2.2.3.4.4.4.6.7.,1
1.1.2.2.2.2.3.4.4.5.,21
1.1.2.2.2.2.3.4.4.5.5.6.7.,2
1.1.2.2.2.2.3.4.5.,44
1.1.2.2.2.2.3.4.5.6.,29
1.1.2.2.2.2.3.5.,235
1.1.2.2.2.2.3.5.5.5.,9
1.1.2.2.2.2.3.5.6.,2
1.1.2.2.2.2.4.,160
1.1.2.2.2.2.4.4.,119
1.1.2.2.2.2.4.4.4.,7
1.1.2.2.2.2.4.4.4.5.5.6.,1
1.1.2.2.2.2.4.4.5.5.,1
1.1.2.2.2.2.4.4.5.7.,1
1.1.2.2.2.2.4.4.6.,8
1.1.2.2.2.2.4.5.5.,4
1.1.2.2.2.2.4.5.5.6.,2
1.1.2.2.2.2.4.6.,6
1.1.2.2.2.2.5.5.,101
1.1.2.2.2.2.5.5.6.,1
1.1.2.2.2.3.3.,659
1.1.2.2.2.3.3.3.3.,21
1.1.2.2.2.3.3.3.3.3.3.3.6.7.,5
1.1.2.2.2.3.3.3.3.3.3.4.,44
1.1.2.2.2.3.3.3.3.3.3.5.5.,1
1.1.2.2.2.3.3.3.3.3.4.5.,47
1.1.2.2.2.3.3.3.3.3.4.5.6.6.,5
1.1.2.2.2.3.3.3.3.3.5.,1
1.1.2.2.2.3.3.3.3.3.5.5.5.,1
1.1.2.2.2.3.3.3.3.4.,131
1.1.2.2.2.3.3.3.3.4.4.,116
1.1.2.2.2.3.3.3.3.4.4.4.,1
1.1.2.2.2.3.3.3.3.4.4.4.6.,1
1.1.2.2.2.3.3.3.3.4.4.5.6.7.,1
1.1.2.2.2.3.3.3.3.4.4.6.,4
1.1.2.2.2.3.3.3.3.4.5.5.,25
1.1.2.2.2.3.3.3.3.5.5.5.6.7.8.,3
1.1.2.2.2.3.3.3.3.5.7.,1
1.1.2.2.2.3.3.3.3.6.,1
1.1.2.2.2.3.3.3.3.6.6.,1
1.1.2.2.2.3.3.3.4.4.4.4.5.7.7.,4
1.1.2.2.2.3.3.3.4.4.4.5.,3
1.1.2.2.2.3.3.3.4.4.5.,103
1.1.2.2.2.3.3.3.4.4.5.5.5.,1
1.1.2.2.2.3.3.3.4.4.5.6.,1
1.1.2.2.2.3.3.3.4.4.5.6.6.,2
1.1.2.2.2.3.3.3.4.4.6.6.7.,1
1.1.2.2.2.3.3.3.4.5.,48
1.1.2.2.2.3.3.3.4.5.5.5.,1
1.1.2.2.2.3.3.3.4.5.6.,2
1.1.2.2.2.3.3.3.4.5.8.,1
1.1.2.2.2.3.3.3.4.6.7.,5
1.1.2.2.2.3.3.3.4.7.,2
1.1.2.2.2.3.3.3.5.,108
1.1.2.2.2.3.3.3.5.5.5.,1
1.1.2.2.2.3.3.3.7.,6
1.1.2.2.2.3.3.4.,504
1.1.2.2.2.3.3.4.4.,40
1.1.2.2.2.3.3.4.4.4.,11
1.1.2.2.2.3.3.4.4.4.4.,1
1.1.2.2.2.3.3.4.4.4.4.4.,1
1.1.2.2.2.3.3.4.4.4.4.6.,41
1.1.2.2.2.3.3.4.4.4.5.5.,1
1.1.2.2.2.3.3.4.4.4.6.,4
1.1.2.2.2.3.3.4.4.4.6.6.,1
1.1.2.2.2.3.3.4.4.6.,3
1.1.2.2.2.3.3.4.5.5.,17
1.1.2.2.2.3.3.4.5.6.7.,3
1.1.2.2.2.3.3.4.5.7.,2
1.1.2.2.2.3.3.4.6.,7
1.1.2.2.2.3.3.4.6.6.,1
1.1.2.2.2.3.3.5.5.,63
1.1.2.2.2.3.3.5.5.6.,1
1.1.2.2.2.3.3.6.,32
1.1.2.2.2.3.3.6.6.,13
1.1.2.2.2.3.4.4.4.4.5.,39
1.1.2.2.2.3.4.4.4.5.,59
1.1.2.2.2.3.4.4.4.5.6.,5
1.1.2.2.2.3.4.4.4.7.,2
1.1.2.2.2.3.4.4.5.,81
1.1.2.2.2.3.4.4.5.5.5.,1
1.1.2.2.2.3.4.4.5.5.7.,1
1.1.2.2.2.3.4.4.5.6.6.,1
1.1.2.2.2.3.4.4.5.6.6.6.,2
1.1.2.2.2.3.4.4.7.,1
1.1.2.2.2.3.4.5.,59
1.1.2.2.2.3.4.5.5.5.6.,5
1.1.2.2.2.3.4.5.6.,26
1.1.2.2.2.3.5.,60
1.1.2.2.2.3.5.5.5.,1
1.1.2.2.2.3.5.6.,2
1.1.2.2.2.4.,393
1.1.2.2.2.4.4.,342
1.1.2.2.2.4.4.4.,14
1.1.2.2.2.4.4.4.4.,1
1.1.2.2.2.4.4.4.4.6.,2
1.1.2.2.2.4.4.4.5.5.6.,1
1.1.2.2.2.4.4.4.5.5.6.6.,6
1.1.2.2.2.4.4.6.,2
1.1.2.2.2.4.5.5.,4
1.1.2.2.2.4.5.5.5.5.7.7.7.8.9.,1
1.1.2.2.2.4.5.5.6.,1
1.1.2.2.2.4.6.,36
1.1.2.2.2.5.5.,4
1.1.2.2.3.3.,726
1.1.2.2.3.3.3.3.,291
1.1.2.2.3.3.3.3.3.3.3.5.6.,2
1.1.2.2.3.3.3.3.3.3.4.,3
1.1.2.2.3.3.3.3.3.3.4.5.7.,6
1.1.2.2.3.3.3.3.3.3.6.,1
1.1.2.2.3.3.3.3.3.4.4.4.5.,1
1.1.2.2.3.3.3.3.3.4.4.5.,21
1.1.2.2.3.3.3.3.3.4.5.,64
1.1.2.2.3.3.3.3.3.4.5.5.5.,1
1.1.2.2.3.3.3.3.3.4.5.6.,2
1.1.2.2.3.3.3.3.3.5.,6
1.1.2.2.3.3.3.3.4.,73
1.1.2.2.3.3.3.3.4.4.,6
1.1.2.2.3.3.3.3.4.4.4.,125
1.1.2.2.3.3.3.3.4.4.4.6.,1
1.1.2.2.3.3.3.3.4.4.5.5.6.6.,1
1.1.2.2.3.3.3.3.4.4.6.,4
1.1.2.2.3.3.3.3.4.4.6.6.,1
1.1.2.2.3.3.3.3.4.4.6.8.,1
1.1.2.2.3.3.3.3.4.5.5.,13
1.1.2.2.3.3.3.3.4.5.5.6.6.8.,2
1.1.2.2.3.3.3.3.4.5.6.7.,2
1.1.2.2.3.3.3.3.4.6.,1
1.1.2.2.3.3.3.3.5.5.,5
1.1.2.2.3.3.3.3.5.5.6.8.,2
1.1.2.2.3.3.3.3.5.7.,1
1.1.2.2.3.3.3.3.6.,21
1.1.2.2.3.3.3.3.6.6.7.7.,1
1.1.2.2.3.3.3.4.4.4.5.,1
1.1.2.2.3.3.3.4.4.4.5.6.6.8.,3
1.1.2.2.3.3.3.4.4.4.7.,3
1.1.2.2.3.3.3.4.4.5.,127
1.1.2.2.3.3.3.4.4.5.5.5.,1
1.1.2.2.3.3.3.4.4.5.6.,9
1.1.2.2.3.3.3.4.4.5.6.6.,3
1.1.2.2.3.3.3.4.4.7.,17
1.1.2.2.3.3.3.4.5.,74
1.1.2.2.3.3.3.4.5.5.5.6.,1
1.1.2.2.3.3.3.4.5.5.6.6.7.,2
1.1.2.2.3.3.3.4.5.6.,5
1.1.2.2.3.3.3.4.5.6.6.,3
1.1.2.2.3.3.3.4.5.6.8.,1
1.1.2.2.3.3.3.4.6.7.,1
1.1.2.2.3.3.3.5.,86
1.1.2.2.3.3.3.5.5.5.,3
1.1.2.2.3.3.4.,536
1.1.2.2.3.3.4.4.,285
1.1.2.2.3.3.4.4.4.,24
1.1.2.2.3.3.4.4.4.4.,4
1.1.2.2.3.3.4.4.4.4.4.,1
1.1.2.2.3.3.4.4.4.4.4.6.,3
1.1.2.2.3.3.4.4.4.4.5.5.,1
1.1.2.2.3.3.4.4.4.5.5.6.,3
1.1.2.2.3.3.4.4.4.5.5.6.6.,6
1.1.2.2.3.3.4.4.4.5.7.,1
1.1.2.2.3.3.4.4.4.6.,1
1.1.2.2.3.3.4.4.5.5.5.6.7.8.,1
1.1.2.2.3.3.4.4.6.,10
1.1.2.2.3.3.4.4.6.6.6.,1
1.1.2.2.3.3.4.4.6.7.7.,1
1.1.2.2.3.3.4.5.5.,64
1.1.2.2.3.3.4.5.5.5.7.,5
1.1.2.2.3.3.4.5.5.6.,1
1.1.2.2.3.3.4.5.5.6.8.,1
1.1.2.2.3.3.4.5.6.7.,1
1.1.2.2.3.3.4.5.7.,20
1.1.2.2.3.3.4.6.,7
1.1.2.2.3.3.4.6.6.6.,5
1.1.2.2.3.3.5.5.,10
1.1.2.2.3.3.5.5.5.5.5.7.7.8.9.,2
1.1.2.2.3.3.5.5.6.,14
1.1.2.2.3.3.6.,20
1.1.2.2.3.4.4.4.4.5.,13
1.1.2.2.3.4.4.4.4.5.5.5.6.,89
1.1.2.2.3.4.4.4.4.5.6.,1
1.1.2.2.3.4.4.4.5.,50
1.1.2.2.3.4.4.4.5.5.5.,2
1.1.2.2.3.4.4.5.,188
1.1.2.2.3.4.4.5.5.5.,2
1.1.2.2.3.4.4.5.5.5.6.6.,6
1.1.2.2.3.4.4.5.6.6.,11
1.1.2.2.3.4.5.,36
1.1.2.2.3.4.5.5.5.5.5.6.,39
1.1.2.2.3.4.5.6.,2
1.1.2.2.3.5.,195
1.1.2.2.4.,181
1.1.2.2.4.4.,199
1.1.2.2.4.4.4.,16
1.1.2.2.4.4.4.4.,1
1.1.2.2.4.4.4.4.4.4.5.5.,1
1.1.2.2.4.4.5.5.,3
1.1.2.2.4.4.5.5.6.,2
1.1.2.3.3.,576
1.1.2.3.3.3.3.,89
1.1.2.3.3.3.3.3.3.,6
1.1.2.3.3.3.3.3.3.3.4.5.,1
1.1.2.3.3.3.3.3.3.3.5.,1
1.1.2.3.3.3.3.3.3.4.,2
1.1.2.3.3.3.3.3.3.4.4.,1
1.1.2.3.3.3.3.3.4.4.4.4.5.,3
1.1.2.3.3.3.3.3.4.4.4.5.,2
1.1.2.3.3.3.3.3.4.4.5.,21
1.1.2.3.3.3.3.3.4.5.,8
1.1.2.3.3.3.3.3.5.,8
1.1.2.3.3.3.3.4.,40
1.1.2.3.3.3.3.4.4.,41
1.1.2.3.3.3.3.4.4.4.,2
1.1.2.3.3.3.3.4.4.4.4.,4
1.1.2.3.3.3.3.4.4.4.4.4.4.6.,48
1.1.2.3.3.3.3.4.4.5.5.,1
1.1.2.3.3.3.3.4.4.5.5.6.,16
1.1.2.3.3.3.3.4.4.5.7.,47
1.1.2.3.3.3.3.4.4.6.,19
1.1.2.3.3.3.3.4.4.6.6.,4
1.1.2.3.3.3.3.4.4.6.7.7.,11
1.1.2.3.3.3.3.4.5.5.,3
1.1.2.3.3.3.3.4.5.5.8.,1
1.1.2.3.3.3.3.4.6.,1
1.1.2.3.3.3.3.5.5.,1
1.1.2.3.3.3.3.5.5.6.6.,10
1.1.2.3.3.3.3.6.,1
1.1.2.3.3.3.4.4.4.4.7.,1
1.1.2.3.3.3.4.4.4.5.,8
1.1.2.3.3.3.4.4.4.6.7.,4
1.1.2.3.3.3.4.4.5.,75
1.1.2.3.3.3.4.4.5.5.5.6.7.9.,3
1.1.2.3.3.3.4.4.5.6.,3
1.1.2.3.3.3.4.4.5.6.6.,1
1.1.2.3.3.3.4.4.7.8.,1
1.1.2.3.3.3.4.5.,120
1.1.2.3.3.3.4.5.5.5.,4
1.1.2.3.3.3.4.5.5.7.,1
1.1.2.3.3.3.4.5.5.7.8.,1
1.1.2.3.3.3.4.5.6.,1
1.1.2.3.3.3.4.6.7.,1
1.1.2.3.3.3.4.7.,41
1.1.2.3.3.3.5.,14
1.1.2.3.3.3.5.5.5.,1
1.1.2.3.3.3.5.5.5.6.,1
1.1.2.3.3.3.5.6.,1
1.1.2.3.3.4.,136
1.1.2.3.3.4.4.,225
1.1.2.3.3.4.4.4.,15
1.1.2.3.3.4.4.4.4.,1
1.1.2.3.3.4.4.4.4.4.,21
1.1.2.3.3.4.4.4.4.5.5.,1
1.1.2.3.3.4.4.4.4.6.,2
1.1.2.3.3.4.4.4.5.7.,1
1.1.2.3.3.4.4.4.6.,3
1.1.2.3.3.4.4.4.6.6.,1
1.1.2.3.3.4.4.5.5.6.,61
1.1.2.3.3.4.4.5.5.6.7.7.,5
1.1.2.3.3.4.4.5.6.7.,3
1.1.2.3.3.4.4.6.,3
1.1.2.3.3.4.4.6.6.6.,9
1.1.2.3.3.4.5.5.,3
1.1.2.3.3.4.5.5.6.,1
1.1.2.3.3.4.5.6.7.,1
1.1.2.3.3.4.5.7.,1
1.1.2.3.4.4.4.4.4.5.6.,2
1.1.2.3.4.4.4.4.5.6.,1
1.1.2.3.4.4.4.4.7.,1
1.1.2.3.4.4.4.5.,88
1.1.2.3.4.4.4.5.5.5.,2
1.1.2.3.4.4.4.5.5.6.7.7.9.,2
1.1.2.3.4.4.4.5.6.,1
1.1.2.3.4.4.4.5.6.6.7.7.,1
1.1.2.3.4.4.5.,1
1.1.2.3.4.4.5.6.,1
1.1.2.3.4.5.5.5.,3
1.1.2.4.4.4.4.5.5.6.,1
1.1.3.3.3.3.,1
1.1.3.3.3.3.3.3.,1
1.1.3.3.3.3.3.4.4.4.5.6.,4
1.1.3.3.3.3.3.4.4.5.6.,1
1.1.3.3.3.3.3.4.5.,5
1.1.3.3.3.3.3.4.5.6.,1
1.1.3.3.3.3.3.4.6.6.7.,1
1.1.3.3.3.3.4.,19
1.1.3.3.3.3.4.4.,8
1.1.3.3.3.3.4.4.5.5.6.,1
1.1.3.3.3.3.4.5.5.,48
1.1.3.3.3.3.4.6.,10
1.1.3.3.3.3.5.5.,2
1.1.3.3.3.3.6.,13
1.1.3.3.3.4.4.4.4.4.5.,3
1.1.3.3.3.4.4.4.4.4.6.7.,6
1.1.3.3.3.4.4.4.4.5.6.,1
1.1.3.3.3.4.4.4.5.,2
1.1.3.3.3.4.4.5.,19
1.1.3.3.3.4.4.5.5.5.,1
1.1.3.3.3.4.4.5.6.,58
1.1.3.3.3.4.5.,5
1.1.3.3.3.4.5.5.5.,3
1.1.3.3.4.4.,30
1.1.3.3.4.4.4.,1
1.1.3.3.4.4.4.4.4.6.6.8.,1
1.1.3.3.4.4.4.5.5.6.,2
1.1.3.3.4.4.4.5.5.6.7.7.7.9.,1
1.1.3.3.4.4.4.6.,2
1.1.3.3.4.4.5.5.,1
1.1.3.3.4.4.5.5.6.6.7.7.8.,1
1.1.3.3.4.4.6.,1
1.1.3.3.4.5.5.5.6.7.,1
1.1.3.4.4.4.4.5.5.7.,46
1.1.3.4.4.4.4.5.6.6.,10
1.1.3.4.4.4.5.,2
1.1.3.4.4.4.5.5.5.,3
1.2.2.2.2.2.2.2.2.2.3.4.,1
1.2.2.2.2.2.2.2.3.,2
1.2.2.2.2.2.2.2.3.4.,14
1.2.2.2.2.2.2.2.3.4.4.,3
1.2.2.2.2.2.2.2.3.6.6.,1
1.2.2.2.2.2.2.2.4.5.,3
1.2.2.2.2.2.2.3.,79
1.2.2.2.2.2.2.3.3.3.,29
1.2.2.2.2.2.2.3.3.3.5.6.7.,1
1.2.2.2.2.2.2.3.3.3.6.,1
1.2.2.2.2.2.2.3.3.4.4.5.,14
1.2.2.2.2.2.2.3.3.4.4.5.6.,6
1.2.2.2.2.2.2.3.3.4.5.,7
1.2.2.2.2.2.2.3.3.5.,17
1.2.2.2.2.2.2.3.4.,18
1.2.2.2.2.2.2.3.4.4.,6
1.2.2.2.2.2.2.3.4.4.6.,1
1.2.2.2.2.2.2.3.4.4.6.6.,1
1.2.2.2.2.2.2.3.4.6.,2
1.2.2.2.2.2.2.3.5.5.,25
1.2.2.2.2.2.2.3.5.7.,3
1.2.2.2.2.2.2.4.4.5.,4
1.2.2.2.2.2.2.4.4.6.6.7.8.,1
1.2.2.2.2.2.2.4.5.,29
1.2.2.2.2.2.2.4.6.7.,3
1.2.2.2.2.2.2.5.,10
1.2.2.2.2.2.3.,84
1.2.2.2.2.2.3.3.3.,12
1.2.2.2.2.2.3.3.3.4.,92
1.2.2.2.2.2.3.3.3.4.4.,18
1.2.2.2.2.2.3.3.3.4.4.5.7.8.,1
1.2.2.2.2.2.3.3.3.4.5.5.,1
1.2.2.2.2.2.3.3.3.4.5.5.6.,1
1.2.2.2.2.2.3.3.3.4.5.7.,1
1.2.2.2.2.2.3.3.3.4.6.8.,3
1.2.2.2.2.2.3.3.3.5.5.5.5.,3
1.2.2.2.2.2.3.3.4.4.5.,17
1.2.2.2.2.2.3.3.4.5.,39
1.2.2.2.2.2.3.3.4.5.5.7.,1
1.2.2.2.2.2.3.3.4.6.7.,2
1.2.2.2.2.2.3.3.5.,47
1.2.2.2.2.2.3.3.5.6.,1
1.2.2.2.2.2.3.3.6.7.,1
1.2.2.2.2.2.3.4.,190
1.2.2.2.2.2.3.4.4.,27
1.2.2.2.2.2.3.4.4.4.,4
1.2.2.2.2.2.3.4.4.4.5.5.8.,1
1.2.2.2.2.2.3.4.4.4.6.,3
1.2.2.2.2.2.3.4.4.4.8.,1
1.2.2.2.2.2.3.4.4.5.7.,2
1.2.2.2.2.2.3.4.4.7.7.8.,4
1.2.2.2.2.2.3.4.5.5.,5
1.2.2.2.2.2.3.4.5.5.6.,4
1.2.2.2.2.2.3.4.6.,3
1.2.2.2.2.2.3.4.6.6.6.,1
1.2.2.2.2.2.3.5.7.,1
1.2.2.2.2.2.4.4.4.5.,2
1.2.2.2.2.2.4.5.,20
1.2.2.2.2.2.5.,8
1.2.2.2.2.3.,665
1.2.2.2.2.3.3.3.,198
1.2.2.2.2.3.3.3.3.3.3.4.5.,1
1.2.2.2.2.3.3.3.3.3.4.6.,1
1.2.2.2.2.3.3.3.3.3.5.5.,1
1.2.2.2.2.3.3.3.3.3.5.5.5.5.,56
1.2.2.2.2.3.3.3.3.4.4.5.,3
1.2.2.2.2.3.3.3.3.4.4.5.6.,9
1.2.2.2.2.3.3.3.3.4.5.5.5.,2
1.2.2.2.2.3.3.3.3.4.5.6.8.,1
1.2.2.2.2.3.3.3.3.5.,2
1.2.2.2.2.3.3.3.3.5.6.,9
1.2.2.2.2.3.3.3.3.7.,1
1.2.2.2.2.3.3.3.4.,13
1.2.2.2.2.3.3.3.4.4.,5
1.2.2.2.2.3.3.3.4.4.4.6.,2
1.2.2.2.2.3.3.3.4.4.6.,6
1.2.2.2.2.3.3.3.4.5.5.,2
1.2.2.2.2.3.3.3.4.5.5.6.7.7.,6
1.2.2.2.2.3.3.3.4.6.,2
1.2.2.2.2.3.3.3.4.6.6.,16
1.2.2.2.2.3.3.3.5.5.,2
1.2.2.2.2.3.3.3.5.6.7.,3
1.2.2.2.2.3.3.3.5.7.,2
1.2.2.2.2.3.3.3.6.,1
1.2.2.2.2.3.3.4.4.5.,6
1.2.2.2.2.3.3.4.4.5.6.,13
1.2.2.2.2.3.3.4.5.,37
1.2.2.2.2.3.3.4.5.5.5.,1
1.2.2.2.2.3.3.4.5.5.6.7.,1
1.2.2.2.2.3.3.4.5.5.7.,4
1.2.2.2.2.3.3.4.5.6.,4
1.2.2.2.2.3.3.4.6.7.,1
1.2.2.2.2.3.3.5.,45
1.2.2.2.2.3.3.5.5.5.,2
1.2.2.2.2.3.3.5.6.,1
1.2.2.2.2.3.3.5.6.6.,1
1.2.2.2.2.3.4.,379
1.2.2.2.2.3.4.4.,152
1.2.2.2.2.3.4.4.4.,8
1.2.2.2.2.3.4.4.4.4.,5
1.2.2.2.2.3.4.4.4.6.,3
1.2.2.2.2.3.4.4.5.5.,5
1.2.2.2.2.3.4.4.5.5.6.,5
1.2.2.2.2.3.4.4.6.,1
1.2.2.2.2.3.4.4.6.7.7.,2
1.2.2.2.2.3.4.5.5.,51
1.2.2.2.2.3.4.5.5.6.6.,6
1.2.2.2.2.3.4.5.5.6.7.7.,1
1.2.2.2.2.3.4.5.5.6.8.,1
1.2.2.2.2.3.4.5.5.7.7.,1
1.2.2.2.2.3.4.6.,24
1.2.2.2.2.3.4.6.6.,1
1.2.2.2.2.3.5.5.,67
1.2.2.2.2.3.5.5.5.6.7.,1
1.2.2.2.2.3.6.,1
1.2.2.2.2.4.4.4.4.7.,1
1.2.2.2.2.4.4.4.5.,1
1.2.2.2.2.4.4.5.,26
1.2.2.2.2.4.5.,3
1.2.2.2.2.5.5.5.,1
1.2.2.2.3.,1812
1.2.2.2.3.3.3.,303
1.2.2.2.3.3.3.3.3.,7
1.2.2.2.3.3.3.3.3.3.3.,25
1.2.2.2.3.3.3.3.3.3.3.5.5.,3
1.2.2.2.3.3.3.3.3.3.4.5.6.,1
1.2.2.2.3.3.3.3.3.3.5.5.5.,3
1.2.2.2.3.3.3.3.3.4.,10
1.2.2.2.3.3.3.3.3.4.4.,1
1.2.2.2.3.3.3.3.3.4.5.5.,4
1.2.2.2.3.3.3.3.3.4.6.,1
1.2.2.2.3.3.3.3.4.4.4.5.,1
1.2.2.2.3.3.3.3.4.4.5.,18
1.2.2.2.3.3.3.3.4.4.5.7.7.,6
1.2.2.2.3.3.3.3.4.4.6.7.,1
1.2.2.2.3.3.3.3.4.5.,20
1.2.2.2.3.3.3.3.4.5.6.,1
1.2.2.2.3.3.3.3.4.5.6.6.,2
1.2.2.2.3.3.3.3.4.6.7.,1
1.2.2.2.3.3.3.3.5.,27
1.2.2.2.3.3.3.3.5.5.5.6.6.8.,1
1.2.2.2.3.3.3.3.5.6.,2
1.2.2.2.3.3.3.3.5.6.6.,2
1.2.2.2.3.3.3.4.,220
1.2.2.2.3.3.3.4.4.,29
1.2.2.2.3.3.3.4.4.4.,11
1.2.2.2.3.3.3.4.4.4.5.5.,2
1.2.2.2.3.3.3.4.4.4.5.5.6.,1
1.2.2.2.3.3.3.4.4.4.5.6.6.7.,1
1.2.2.2.3.3.3.4.4.4.5.6.7.,1
1.2.2.2.3.3.3.4.4.5.5.6.,4
1.2.2.2.3.3.3.4.4.5.5.6.6.,1
1.2.2.2.3.3.3.4.4.6.,12
1.2.2.2.3.3.3.4.4.6.7.7.,1
1.2.2.2.3.3.3.4.4.8.,1
1.2.2.2.3.3.3.4.5.5.,103
1.2.2.2.3.3.3.4.5.5.5.5.7.7.8.,4
1.2.2.2.3.3.3.4.5.5.6.6.6.,1
1.2.2.2.3.3.3.4.5.5.6.7.7.,5
1.2.2.2.3.3.3.4.5.6.6.7.,1
1.2.2.2.3.3.3.4.5.7.,3
1.2.2.2.3.3.3.4.6.,2
1.2.2.2.3.3.3.5.5.,89
1.2.2.2.3.3.3.5.5.6.,1
1.2.2.2.3.3.3.6.,6
1.2.2.2.3.3.3.6.6.7.7.,4
1.2.2.2.3.3.4.4.4.4.4.5.6.,1
1.2.2.2.3.3.4.4.4.5.,5
1.2.2.2.3.3.4.4.4.5.5.7.,1
1.2.2.2.3.3.4.4.4.6.6.7.,2
1.2.2.2.3.3.4.4.4.6.7.,1
1.2.2.2.3.3.4.4.4.6.7.8.8.,2
1.2.2.2.3.3.4.4.4.7.,1
1.2.2.2.3.3.4.4.5.,80
1.2.2.2.3.3.4.4.5.5.6.7.,1
1.2.2.2.3.3.4.4.5.5.7.,2
1.2.2.2.3.3.4.4.5.6.,5
1.2.2.2.3.3.4.4.6.6.7.,2
1.2.2.2.3.3.4.5.,71
1.2.2.2.3.3.4.5.5.5.,1
1.2.2.2.3.3.4.5.5.5.5.7.,1
1.2.2.2.3.3.4.5.5.5.6.,2
1.2.2.2.3.3.4.5.5.7.,1
1.2.2.2.3.3.4.5.6.,25
1.2.2.2.3.3.4.5.6.6.,11
1.2.2.2.3.3.4.5.6.6.6.,3
1.2.2.2.3.3.4.7.,22
1.2.2.2.3.3.5.,216
1.2.2.2.3.3.5.5.5.,10
1.2.2.2.3.3.5.5.6.6.7.,1
1.2.2.2.3.3.5.6.,3
1.2.2.2.3.4.,503
1.2.2.2.3.4.4.,109
1.2.2.2.3.4.4.4.,31
1.2.2.2.3.4.4.4.4.,3
1.2.2.2.3.4.4.4.4.4.,7
1.2.2.2.3.4.4.4.4.4.8.,1
1.2.2.2.3.4.4.4.4.5.5.6.,1
1.2.2.2.3.4.4.4.4.6.6.,22
1.2.2.2.3.4.4.4.4.6.6.8.,1
1.2.2.2.3.4.4.4.5.6.7.,1
1.2.2.2.3.4.4.4.5.7.,14
1.2.2.2.3.4.4.4.5.7.8.8.8.,2
1.2.2.2.3.4.4.4.6.,4
1.2.2.2.3.4.4.4.6.6.7.7.,1
1.2.2.2.3.4.4.4.6.7.7.8.,1
1.2.2.2.3.4.4.5.5.,199
1.2.2.2.3.4.4.5.6.6.7.,1
1.2.2.2.3.4.4.6.,4
1.2.2.2.3.4.4.6.6.,1
1.2.2.2.3.4.5.5.,25
1.2.2.2.3.4.5.5.6.,6
1.2.2.2.3.4.6.6.,1
1.2.2.2.3.5.5.,4
1.2.2.2.3.5.5.5.5.,1
1.2.2.2.4.4.4.5.,3
1.2.2.2.4.4.4.5.5.6.7.,1
1.2.2.2.4.4.5.,150
1.2.2.2.4.4.5.5.5.6.6.,1
1.2.2.2.4.4.5.6.,2
1.2.2.2.4.5.,43
1.2.2.2.4.5.5.5.5.5.6.,4
1.2.2.3.,952
1.2.2.3.3.3.,806
1.2.2.3.3.3.3.3.,16
1.2.2.3.3.3.3.3.3.3.4.5.5.6.,4
1.2.2.3.3.3.3.3.3.4.4.5.6.,50
1.2.2.3.3.3.3.3.4.,6
1.2.2.3.3.3.3.3.4.4.,2
1.2.2.3.3.3.3.3.4.4.4.,3
1.2.2.3.3.3.3.3.4.4.4.6.,85
1.2.2.3.3.3.3.3.4.4.5.5.6.,46
1.2.2.3.3.3.3.3.4.5.5.,35
1.2.2.3.3.3.3.3.4.6.,1
1.2.2.3.3.3.3.3.4.6.6.,71
1.2.2.3.3.3.3.3.5.5.6.,82
1.2.2.3.3.3.3.3.5.6.7.8.,1
1.2.2.3.3.3.3.3.6.,1
1.2.2.3.3.3.3.4.4.4.5.,74
1.2.2.3.3.3.3.4.4.4.5.6.,1
1.2.2.3.3.3.3.4.4.4.6.7.,1
1.2.2.3.3.3.3.4.4.4.7.,3
1.2.2.3.3.3.3.4.4.5.,11
1.2.2.3.3.3.3.4.4.5.5.6.6.7.,5
1.2.2.3.3.3.3.4.5.,46
1.2.2.3.3.3.3.4.5.5.5.,2
1.2.2.3.3.3.3.4.5.5.6.9.,1
1.2.2.3.3.3.3.4.5.5.7.,22
1.2.2.3.3.3.3.4.5.6.,5
1.2.2.3.3.3.3.4.5.6.6.,2
1.2.2.3.3.3.3.4.5.6.7.7.,4
1.2.2.3.3.3.3.4.6.6.7.,3
1.2.2.3.3.3.3.5.,20
1.2.2.3.3.3.3.5.5.5.,2
1.2.2.3.3.3.3.5.5.6.7.,1
1.2.2.3.3.3.3.5.5.7.,14
1.2.2.3.3.3.3.5.6.7.7.,1
1.2.2.3.3.3.4.,373
1.2.2.3.3.3.4.4.,124
1.2.2.3.3.3.4.4.4.,65
1.2.2.3.3.3.4.4.4.4.,1
1.2.2.3.3.3.4.4.4.4.4.,26
1.2.2.3.3.3.4.4.4.4.4.4.6.,2
1.2.2.3.3.3.4.4.4.4.6.,3
1.2.2.3.3.3.4.4.4.5.5.,5
1.2.2.3.3.3.4.4.4.5.7.,2
1.2.2.3.3.3.4.4.4.6.,5
1.2.2.3.3.3.4.4.5.5.,5
1.2.2.3.3.3.4.4.5.5.6.,6
1.2.2.3.3.3.4.4.5.5.6.6.,7
1.2.2.3.3.3.4.4.5.5.7.7.8.,1
1.2.2.3.3.3.4.4.5.6.6.6.7.,5
1.2.2.3.3.3.4.4.5.6.7.,4
1.2.2.3.3.3.4.4.5.6.7.8.,1
1.2.2.3.3.3.4.4.5.7.,1
1.2.2.3.3.3.4.4.6.,9
1.2.2.3.3.3.4.4.6.6.,1
1.2.2.3.3.3.4.4.6.6.7.7.,3
1.2.2.3.3.3.4.4.6.7.7.,1
1.2.2.3.3.3.4.4.6.8.,1
1.2.2.3.3.3.4.5.5.,10
1.2.2.3.3.3.4.5.5.6.,2
1.2.2.3.3.3.4.5.5.6.6.,1
1.2.2.3.3.3.4.5.5.6.7.7.,18
1.2.2.3.3.3.4.5.6.6.6.7.,1
1.2.2.3.3.3.4.5.6.6.7.,1
1.2.2.3.3.3.4.5.6.6.7.8.8.10.,1
1.2.2.3.3.3.4.5.6.7.,4
1.2.2.3.3.3.4.5.7.,6
1.2.2.3.3.3.4.6.,1
1.2.2.3.3.3.5.5.,2
1.2.2.3.3.3.5.5.5.6.7.,1
1.2.2.3.3.3.5.5.6.,5
1.2.2.3.3.3.5.5.6.6.,4
1.2.2.3.3.3.6.,30
1.2.2.3.3.4.4.4.4.4.5.,2
1.2.2.3.3.4.4.4.4.5.,4
1.2.2.3.3.4.4.4.4.5.6.,1
1.2.2.3.3.4.4.4.4.6.7.,1
1.2.2.3.3.4.4.4.5.,13
1.2.2.3.3.4.4.4.5.6.,8
1.2.2.3.3.4.4.4.5.6.8.,9
1.2.2.3.3.4.4.4.6.6.7.,1
1.2.2.3.3.4.4.4.6.7.,1
1.2.2.3.3.4.4.4.7.,2
1.2.2.3.3.4.4.5.,38
1.2.2.3.3.4.4.5.5.5.,1
1.2.2.3.3.4.4.5.5.5.6.6.,2
1.2.2.3.3.4.4.5.5.6.7.,8
1.2.2.3.3.4.4.5.6.,1
1.2.2.3.3.4.4.5.6.6.,3
1.2.2.3.3.4.4.5.6.8.,2
1.2.2.3.3.4.5.,36
1.2.2.3.3.4.5.5.5.,4
1.2.2.3.3.4.5.5.5.5.6.7.7.7.,3
1.2.2.3.3.4.5.5.5.6.,1
1.2.2.3.3.4.5.5.6.7.,14
1.2.2.3.3.4.5.6.,2
1.2.2.3.3.4.5.6.6.,2
1.2.2.3.3.4.5.6.6.6.,6
1.2.2.3.3.4.6.7.,1
1.2.2.3.3.5.,10
1.2.2.3.3.5.5.5.5.5.,1
1.2.2.3.3.5.5.5.6.,4
1.2.2.3.3.5.5.5.6.6.,1
1.2.2.3.4.,447
1.2.2.3.4.4.,66
1.2.2.3.4.4.4.,23
1.2.2.3.4.4.4.4.,15
1.2.2.3.4.4.4.4.4.,105
1.2.2.3.4.4.4.4.6.,2
1.2.2.3.4.4.4.4.6.6.,4
1.2.2.3.4.4.4.5.5.,6
1.2.2.3.4.4.4.5.5.5.5.,2
1.2.2.3.4.4.4.5.5.5.6.7.,1
1.2.2.3.4.4.4.5.5.5.7.,2
1.2.2.3.4.4.4.5.5.6.7.7.8.,6
1.2.2.3.4.4.4.5.7.8.8.,1
1.2.2.3.4.4.4.6.,3
1.2.2.3.4.4.4.6.6.,1
1.2.2.3.4.4.4.6.6.6.,2
1.2.2.3.4.4.4.6.6.6.6.,1
1.2.2.3.4.4.5.5.,13
1.2.2.3.4.4.5.5.5.5.6.,7
1.2.2.3.4.4.5.5.5.5.8.,1
1.2.2.3.4.4.5.5.6.,9
1.2.2.3.4.4.5.5.6.6.,2
1.2.2.3.4.4.5.6.7.,1
1.2.2.3.4.4.6.,3
1.2.2.3.4.5.5.,22
1.2.2.3.4.5.5.5.5.,7
1.2.2.4.4.4.4.4.5.,3
1.2.2.4.4.4.4.4.5.6.,1
1.2.2.4.4.4.4.5.,3
1.2.2.4.4.4.4.5.5.6.7.8.8.,7
1.2.2.4.4.4.4.5.6.,2
1.2.2.4.4.4.4.5.6.6.,1
1.2.2.4.4.4.5.5.6.6.6.7.,1
1.2.2.4.4.4.5.6.,2
1.2.3.3.3.,71
1.2.3.3.3.3.3.,131
1.2.3.3.3.3.3.3.3.3.5.5.5.,2
1.2.3.3.3.3.3.3.3.4.,1
1.2.3.3.3.3.3.3.4.4.7.,2
1.2.3.3.3.3.3.3.4.5.,2
1.2.3.3.3.3.3.4.,293
1.2.3.3.3.3.3.4.4.,40
1.2.3.3.3.3.3.4.4.4.4.6.,2
1.2.3.3.3.3.3.4.4.6.,1
1.2.3.3.3.3.3.4.5.5.,1
1.2.3.3.3.3.3.4.5.6.6.7.,1
1.2.3.3.3.3.3.4.6.,3
1.2.3.3.3.3.3.4.6.6.,3
1.2.3.3.3.3.3.5.5.,12
1.2.3.3.3.3.3.5.5.6.,4
1.2.3.3.3.3.4.4.4.4.6.7.,1
1.2.3.3.3.3.4.4.4.4.7.,1
1.2.3.3.3.3.4.4.4.5.,15
1.2.3.3.3.3.4.4.4.5.6.,3
1.2.3.3.3.3.4.4.4.5.6.6.,2
1.2.3.3.3.3.4.4.4.5.8.,1
1.2.3.3.3.3.4.4.5.,67
1.2.3.3.3.3.4.4.5.5.6.6.6.9.,1
1.2.3.3.3.3.4.4.5.6.,32
1.2.3.3.3.3.4.4.5.6.6.,3
1.2.3.3.3.3.4.4.5.6.7.7.8.,3
1.2.3.3.3.3.4.4.5.7.7.,7
1.2.3.3.3.3.4.4.7.,1
1.2.3.3.3.3.4.5.,13
1.2.3.3.3.3.4.5.5.5.6.,6
1.2.3.3.3.3.4.5.5.6.7.,3
1.2.3.3.3.3.4.5.6.,28
1.2.3.3.3.3.4.5.6.6.,7
1.2.3.3.3.3.4.5.6.6.6.,1
1.2.3.3.3.3.4.7.,43
1.2.3.3.3.3.5.,1
1.2.3.3.3.3.5.5.6.6.6.7.,16
1.2.3.3.3.3.5.6.6.,2
1.2.3.3.3.3.5.6.6.6.,8
1.2.3.3.3.4.,350
1.2.3.3.3.4.4.,33
1.2.3.3.3.4.4.4.,18
1.2.3.3.3.4.4.4.4.,1
1.2.3.3.3.4.4.4.4.4.4.8.,4
1.2.3.3.3.4.4.4.4.4.5.6.7.8.,1
1.2.3.3.3.4.4.4.4.6.,2
1.2.3.3.3.4.4.4.5.5.,4
1.2.3.3.3.4.4.4.5.5.6.,1
1.2.3.3.3.4.4.4.5.5.7.7.,1
1.2.3.3.3.4.4.4.5.6.7.8.,3
1.2.3.3.3.4.4.4.5.7.,1
1.2.3.3.3.4.4.4.6.,2
1.2.3.3.3.4.4.4.6.6.,31
1.2.3.3.3.4.4.4.8.,1
1.2.3.3.3.4.4.5.5.,181
1.2.3.3.3.4.4.5.5.5.5.6.,44
1.2.3.3.3.4.4.5.5.5.7.7.9.,1
1.2.3.3.3.4.4.5.5.6.,7
1.2.3.3.3.4.4.5.5.6.7.9.,1
1.2.3.3.3.4.4.5.7.,18
1.2.3.3.3.4.4.6.,4
1.2.3.3.3.4.4.6.6.,2
1.2.3.3.3.4.4.6.6.6.,1
1.2.3.3.3.4.4.6.7.7.,1
1.2.3.3.3.4.5.5.,48
1.2.3.3.3.4.5.5.5.5.6.7.7.7.9.,9
1.2.3.3.3.4.5.5.5.7.,1
1.2.3.3.3.4.5.5.6.,214
1.2.3.3.3.4.5.5.6.7.8.8.9.,1
1.2.3.3.3.4.5.5.6.8.,2
1.2.3.3.3.4.5.6.6.7.,3
1.2.3.3.3.4.6.,1
1.2.3.3.3.5.5.,2
1.2.3.3.3.5.5.5.5.,1
1.2.3.3.3.5.5.5.5.6.6.7.7.,2
1.2.3.3.3.5.5.6.6.,2
1.2.3.3.3.5.5.6.6.6.6.,1
1.2.3.3.4.4.4.4.4.4.5.6.,69
1.2.3.3.4.4.4.4.4.5.,2
1.2.3.3.4.4.4.4.5.,5
1.2.3.3.4.4.4.4.5.5.5.7.7.,87
1.2.3.3.4.4.4.4.5.6.,5
1.2.3.3.4.4.4.4.5.6.6.,6
1.2.3.3.4.4.4.4.5.8.,1
1.2.3.3.4.4.4.4.7.,1
1.2.3.3.4.4.4.5.,27
1.2.3.3.4.4.4.5.5.5.,3
1.2.3.3.4.4.4.5.5.5.6.,4
1.2.3.3.4.4.4.5.5.6.7.,13
1.2.3.3.4.4.4.5.5.7.,1
1.2.3.3.4.4.4.5.5.7.8.,1
1.2.3.3.4.4.4.5.6.,2
1.2.3.3.4.4.4.5.6.7.7.,7
1.2.3.3.4.4.4.6.7.,46
1.2.3.3.4.4.5.,10
1.2.3.3.4.4.5.5.5.,1
1.2.3.3.4.4.5.5.6.6.7.,1
1.2.3.3.4.4.5.5.6.7.,1
1.2.3.3.4.4.5.5.6.7.7.7.,2
1.2.3.3.4.4.5.5.7.,10
1.2.3.3.4.4.5.6.,16
1.2.3.3.4.4.5.6.6.,1
1.2.3.3.4.5.,14
1.2.3.3.4.5.5.5.,40
1.2.3.3.4.5.5.5.5.7.,3
1.2.3.3.4.5.5.5.6.,1
1.2.3.3.4.5.5.5.6.6.6.,2
1.2.3.3.4.5.5.5.6.7.7.,1
1.2.3.3.4.5.5.5.7.7.8.,1
1.2.3.3.4.5.5.6.7.,2
1.2.3.3.4.5.5.6.7.7.7.8.,1
1.2.3.3.4.5.6.,54
1.2.3.3.4.5.6.7.7.,1
1.2.3.3.5.5.5.,2
1.2.3.3.5.5.5.6.6.,1
1.2.3.4.4.4.,9
1.2.3.4.4.4.4.4.,7
1.2.3.4.4.4.4.5.5.,13
1.2.3.4.4.4.4.5.6.6.7.8.8.,4
1.2.3.4.4.4.4.5.6.7.8.,8
1.2.3.4.4.4.4.5.7.8.8.8.9.9.,1
1.2.3.4.4.4.4.6.,2
1.2.3.4.4.4.4.6.6.6.7.7.,1
1.2.3.4.4.4.5.5.,2
1.2.3.4.4.4.5.5.5.7.,9
1.2.3.4.4.4.5.5.5.7.7.8.9.,1
1.2.3.4.4.4.5.5.6.7.7.8.8.,1
1.2.3.4.4.4.5.6.6.6.7.,3
1.2.3.4.4.4.5.6.6.7.,1
1.2.3.4.4.5.5.5.6.7.,2
1.2.3.4.4.5.5.6.6.,1
1.2.3.4.5.6.6.6.7.8.,1
1.2.4.4.4.4.4.4.5.,156
1.2.4.4.4.4.5.5.5.,2
1.2.4.4.4.5.5.6.6.7.8.,1
1.3.3.3.3.3.,21
1.3.3.3.3.3.3.4.5.,11
1.3.3.3.3.3.3.5.,1
1.3.3.3.3.3.3.5.5.7.,1
1.3.3.3.3.3.3.5.6.,2
1.3.3.3.3.3.4.,4
1.3.3.3.3.3.4.4.,1
1.3.3.3.3.3.4.4.4.,7
1.3.3.3.3.3.4.4.4.5.6.7.8.10.,1
1.3.3.3.3.3.4.4.4.5.7.,1
1.3.3.3.3.3.4.4.4.6.6.,8
1.3.3.3.3.3.4.5.5.,1
1.3.3.3.3.3.4.5.5.6.,1
1.3.3.3.3.3.4.5.5.6.6.,1
1.3.3.3.3.3.4.5.6.7.,1
1.3.3.3.3.3.4.6.,1
1.3.3.3.3.3.5.5.5.5.8.,1
1.3.3.3.3.3.5.5.6.6.8.,2
1.3.3.3.3.4.4.4.4.5.,5
1.3.3.3.3.4.4.4.4.5.6.,7
1.3.3.3.3.4.4.4.5.,7
1.3.3.3.3.4.4.4.5.5.6.7.,3
1.3.3.3.3.4.4.4.5.5.6.9.,1
1.3.3.3.3.4.4.4.5.6.,4
1.3.3.3.3.4.4.4.5.6.6.8.,3
1.3.3.3.3.4.4.4.6.6.7.,2
1.3.3.3.3.4.4.4.6.7.,42
1.3.3.3.3.4.4.4.6.7.8.8.8.,2
1.3.3.3.3.4.4.5.,4
1.3.3.3.3.4.4.5.5.5.,2
1.3.3.3.3.4.4.5.5.5.6.8.,1
1.3.3.3.3.4.4.5.5.6.6.7.,1
1.3.3.3.3.4.4.5.5.6.7.,1
1.3.3.3.3.4.4.5.5.7.,1
1.3.3.3.3.4.4.5.6.,4
1.3.3.3.3.4.4.5.6.8.,1
1.3.3.3.3.4.4.7.7.7.8.8.,1
1.3.3.3.3.4.5.,17
1.3.3.3.3.4.5.5.5.,1
1.3.3.3.3.4.5.6.,2
1.3.3.3.3.4.5.6.6.6.7.9.,2
1.3.3.3.3.5.,7
1.3.3.3.3.5.5.5.6.,1
1.3.3.3.3.5.6.6.6.6.,1
1.3.3.3.4.,16
1.3.3.3.4.4.,12
1.3.3.3.4.4.4.,2
1.3.3.3.4.4.4.4.,3
1.3.3.3.4.4.4.4.4.5.6.7.,2
1.3.3.3.4.4.4.4.5.5.,1
1.3.3.3.4.4.4.4.5.5.6.8.,6
1.3.3.3.4.4.4.4.5.6.7.,1
1.3.3.3.4.4.4.5.5.,25
1.3.3.3.4.4.4.5.5.5.6.9.,1
1.3.3.3.4.4.4.5.5.6.,1
1.3.3.3.4.4.4.5.5.6.7.7.8.,1
1.3.3.3.4.4.4.5.5.8.,1
1.3.3.3.4.4.4.5.6.6.6.7.,1
1.3.3.3.4.4.4.5.7.,8
1.3.3.3.4.4.4.6.,4
1.3.3.3.4.4.4.6.6.7.7.8.,1
1.3.3.3.4.4.5.5.,4
1.3.3.3.4.4.5.5.6.6.,1
1.3.3.3.4.4.5.5.6.6.7.7.,1
1.3.3.3.4.4.5.5.6.8.,1
1.3.3.3.4.4.5.6.6.7.,1
1.3.3.3.4.4.5.6.7.7.7.,7
1.3.3.3.4.4.6.,1
1.3.3.3.4.5.5.5.5.6.,1
1.3.3.3.4.5.5.5.6.7.7.7.,1
1.3.3.3.4.5.5.5.7.,1
1.3.3.3.4.5.5.6.,11
1.3.3.3.4.5.5.6.6.6.8.,1
1.3.3.3.4.5.6.6.6.7.,2
1.3.3.3.5.5.5.5.6.,2
1.3.3.4.4.4.4.4.5.,2
1.3.3.4.4.4.4.4.5.5.7.,1
1.3.3.4.4.4.4.5.,10
1.3.3.4.4.4.4.5.5.5.,1
1.3.3.4.4.4.4.5.5.6.7.,1
1.3.3.4.4.4.4.5.5.7.7.7.,5
1.3.3.4.4.4.4.5.6.,2
1.3.3.4.4.4.4.5.6.7.7.,1
1.3.3.4.4.4.4.7.,1
1.3.3.4.4.4.5.,21
1.3.3.4.4.4.5.5.5.,1
1.3.3.4.4.4.5.5.5.6.7.7.8.,4
1.3.3.4.4.4.5.5.6.7.,4
1.3.3.4.4.4.5.5.7.,4
1.3.3.4.4.5.,19
1.3.3.4.4.5.5.5.6.7.7.,2
1.3.3.4.5.5.5.5.5.,1
1.3.3.4.5.5.6.6.6.6.7.7.9.,3
1.3.3.4.5.5.6.7.8.,1
1.3.3.4.5.6.6.6.,2
1.3.4.4.4.4.4.4.6.6.,11
1.3.4.4.4.4.4.5.5.,1
1.3.4.4.4.4.4.5.5.6.7.7.8.,9
1.3.4.4.4.4.4.6.,1
1.3.4.4.4.4.5.5.,6
1.3.4.4.4.4.5.5.5.5.6.,1
1.3.4.4.4.4.5.5.6.,1
1.3.4.4.4.4.6.6.,2
1.3.4.4.4.5.5.5.5.,3
1.3.4.4.4.5.5.5.6.7.7.7.8.,28
1.3.4.4.4.5.5.6.,1
1.3.4.4.4.5.5.6.6.7.7.,1
1.3.4.4.4.5.5.6.6.7.7.8.,1
1.3.4.4.5.5.5.5.,3
1.3.4.4.5.5.5.5.6.,4
1.3.4.4.5.5.6.6.,1
1.3.4.4.5.5.6.6.6.6.,6
1.3.4.4.5.5.6.6.6.6.7.8.9.10.,1
1.3.4.4.5.5.6.6.6.7.7.8.8.,3
1.3.4.5.5.5.5.6.6.6.,2
1.3.4.5.5.5.5.6.6.6.7.7.,1
1.3.4.5.5.5.5.6.6.7.9.,2
1.3.4.5.5.5.6.6.7.7.8.8.9.,3
1.4.4.4.4.4.4.5.,1
1.4.4.4.4.4.4.5.6.,9
1.4.4.4.4.4.5.5.5.6.,70
1.4.4.4.4.4.5.5.6.7.,6
1.4.4.4.4.5.5.5.,1
1.4.4.4.4.5.5.5.6.6.7.9.10.,2
1.4.4.4.5.5.5.6.6.,1
1.4.4.4.5.5.5.6.6.7.7.8.,1
1.4.4.5.5.5.5.5.5.7.,1
1.4.4.5.5.5.5.5.6.,2
1.5.5.5.5.5.6.6.7.7.7.8.9.,5
2.2.2.,21
2.2.2.2.,1030
2.2.2.2.2.,2
2.2.2.2.2.2.,12
2.2.2.2.2.2.2.,1
2.2.2.2.2.2.2.2.3.3.,1
2.2.2.2.2.2.2.3.3.3.6.7.,2
2.2.2.2.2.2.2.3.3.4.,1
2.2.2.2.2.2.2.3.5.,1
2.2.2.2.2.2.2.3.5.6.,1
2.2.2.2.2.2.3.3.,4
2.2.2.2.2.2.3.3.3.3.3.4.5.,1
2.2.2.2.2.2.3.3.3.3.4.5.5.5.5.,1
2.2.2.2.2.2.3.3.3.3.4.7.7.,1
2.2.2.2.2.2.3.3.3.3.6.6.,1
2.2.2.2.2.2.3.3.3.3.7.7.,3
2.2.2.2.2.2.3.3.3.4.5.,75
2.2.2.2.2.2.3.3.3.5.6.,1
2.2.2.2.2.2.3.3.4.,13
2.2.2.2.2.2.3.3.4.4.,1
2.2.2.2.2.2.3.3.4.4.4.6.,139
2.2.2.2.2.2.3.3.4.5.5.6.7.7.,2
2.2.2.2.2.2.3.3.4.5.6.7.,7
2.2.2.2.2.2.3.3.5.5.6.,1
2.2.2.2.2.2.3.4.5.,1
2.2.2.2.2.2.3.4.5.6.,3
2.2.2.2.2.2.3.4.6.7.8.,5
2.2.2.2.2.2.3.5.6.,1
2.2.2.2.2.2.4.,45
2.2.2.2.2.2.4.4.,29
2.2.2.2.2.2.4.5.5.,1
2.2.2.2.2.3.3.,6
2.2.2.2.2.3.3.3.3.3.3.5.5.,1
2.2.2.2.2.3.3.3.3.3.4.5.6.,1
2.2.2.2.2.3.3.3.3.4.4.6.8.,2
2.2.2.2.2.3.3.3.3.5.5.,28
2.2.2.2.2.3.3.3.4.5.,11
2.2.2.2.2.3.3.3.5.,1
2.2.2.2.2.3.3.3.5.6.6.,14
2.2.2.2.2.3.3.3.5.6.8.,2
2.2.2.2.2.3.3.3.6.6.7.,1
2.2.2.2.2.3.3.4.,20
2.2.2.2.2.3.3.4.4.,4
2.2.2.2.2.3.3.4.4.4.,27
2.2.2.2.2.3.3.4.4.6.,1
2.2.2.2.2.3.3.4.5.5.,2
2.2.2.2.2.3.3.4.5.5.7.7.,4
2.2.2.2.2.3.3.4.6.,1
2.2.2.2.2.3.3.5.5.,21
2.2.2.2.2.3.3.5.5.6.,1
2.2.2.2.2.3.3.5.7.,1
2.2.2.2.2.3.4.4.4.5.,1
2.2.2.2.2.3.4.4.5.,45
2.2.2.2.2.3.4.5.,9
2.2.2.2.2.3.4.5.6.,1
2.2.2.2.2.3.4.5.6.6.6.,2
2.2.2.2.2.3.4.6.6.7.,1
2.2.2.2.2.3.5.,1
2.2.2.2.2.3.5.5.5.,202
2.2.2.2.2.4.4.,18
2.2.2.2.2.4.4.5.5.,2
2.2.2.2.2.4.4.5.5.6.,1
2.2.2.2.2.4.5.5.6.,2
2.2.2.2.2.5.5.,16
2.2.2.2.3.3.,177
2.2.2.2.3.3.3.3.,13
2.2.2.2.3.3.3.3.3.3.,2
2.2.2.2.3.3.3.3.3.3.3.3.5.5.,32
2.2.2.2.3.3.3.3.3.4.4.5.,1
2.2.2.2.3.3.3.3.3.4.4.5.6.,2
2.2.2.2.3.3.3.3.3.4.5.,7
2.2.2.2.3.3.3.3.4.,56
2.2.2.2.3.3.3.3.4.4.,1
2.2.2.2.3.3.3.3.4.4.5.5.,1
2.2.2.2.3.3.3.3.4.4.5.5.6.,1
2.2.2.2.3.3.3.3.4.4.6.,29
2.2.2.2.3.3.3.3.5.5.6.,35
2.2.2.2.3.3.3.4.4.4.5.,86
2.2.2.2.3.3.3.4.4.4.5.6.7.7.,1
2.2.2.2.3.3.3.4.4.5.,6
2.2.2.2.3.3.3.4.4.5.6.,98
2.2.2.2.3.3.3.4.5.,16
2.2.2.2.3.3.3.4.5.6.,7
2.2.2.2.3.3.3.4.5.6.6.,3
2.2.2.2.3.3.3.4.6.6.7.,1
2.2.2.2.3.3.3.5.,3
2.2.2.2.3.3.3.5.6.6.,1
2.2.2.2.3.3.4.,139
2.2.2.2.3.3.4.4.,51
2.2.2.2.3.3.4.4.4.,47
2.2.2.2.3.3.4.4.4.4.,7
2.2.2.2.3.3.4.4.4.4.6.,2
2.2.2.2.3.3.4.4.4.5.5.6.,4
2.2.2.2.3.3.4.4.4.5.5.6.8.,1
2.2.2.2.3.3.4.4.4.5.6.7.8.,4
2.2.2.2.3.3.4.4.4.6.,1
2.2.2.2.3.3.4.4.4.6.6.,30
2.2.2.2.3.3.4.4.5.5.,3
2.2.2.2.3.3.4.4.5.5.6.,27
2.2.2.2.3.3.4.4.5.6.6.7.,1
2.2.2.2.3.3.4.4.5.6.7.8.,1
2.2.2.2.3.3.4.4.6.,5
2.2.2.2.3.3.4.4.6.6.,2
2.2.2.2.3.3.4.5.5.,98
2.2.2.2.3.3.4.5.5.6.,1
2.2.2.2.3.3.4.5.5.6.6.,1
2.2.2.2.3.3.4.5.7.,1
2.2.2.2.3.3.4.6.,124
2.2.2.2.3.3.4.6.6.6.,1
2.2.2.2.3.3.6.6.,50
2.2.2.2.3.4.4.4.4.5.,1
2.2.2.2.3.4.4.4.5.,7
2.2.2.2.3.4.4.4.5.5.5.6.6.,86
2.2.2.2.3.4.4.4.5.6.,1
2.2.2.2.3.4.4.4.5.6.6.8.,1
2.2.2.2.3.4.4.5.,19
2.2.2.2.3.4.4.5.5.5.,3
2.2.2.2.3.4.4.5.5.6.6.7.,1
2.2.2.2.3.4.4.5.6.,4
2.2.2.2.3.4.4.5.6.6.,1
2.2.2.2.3.4.4.5.6.6.8.,2
2.2.2.2.3.4.5.,96
2.2.2.2.3.4.5.5.5.,22
2.2.2.2.3.4.5.5.6.7.,1
2.2.2.2.3.4.5.5.6.7.7.9.,1
2.2.2.2.3.4.5.6.6.6.7.7.,4
2.2.2.2.3.5.,2
2.2.2.2.3.5.5.5.6.6.,1
2.2.2.2.3.5.6.,9
2.2.2.2.3.5.6.6.,44
2.2.2.2.3.5.6.6.6.,1
2.2.2.2.4.,2
2.2.2.2.4.4.,10
2.2.2.2.4.4.4.,10
2.2.2.2.4.4.4.4.,1
2.2.2.2.4.4.4.6.,2
2.2.2.2.4.4.5.5.,1
2.2.2.2.4.5.5.,1
2.2.2.2.5.5.,1
2.2.2.3.3.,373
2.2.2.3.3.3.3.,10
2.2.2.3.3.3.3.3.3.,36
2.2.2.3.3.3.3.3.3.4.,6
2.2.2.3.3.3.3.3.3.4.6.,1
2.2.2.3.3.3.3.3.4.4.4.5.6.6.,2
2.2.2.3.3.3.3.3.4.4.5.6.,2
2.2.2.3.3.3.3.3.4.4.6.7.7.7.,1
2.2.2.3.3.3.3.3.4.5.7.7.,1
2.2.2.3.3.3.3.3.5.,15
2.2.2.3.3.3.3.3.5.6.8.,1
2.2.2.3.3.3.3.4.,116
2.2.2.3.3.3.3.4.4.,55
2.2.2.3.3.3.3.4.4.4.,4
2.2.2.3.3.3.3.4.4.4.4.5.6.7.,1
2.2.2.3.3.3.3.4.4.4.5.5.,1
2.2.2.3.3.3.3.4.4.4.6.6.6.8.,1
2.2.2.3.3.3.3.4.4.5.5.,2
2.2.2.3.3.3.3.4.4.5.5.6.,1
2.2.2.3.3.3.3.4.4.5.5.6.6.,1
2.2.2.3.3.3.3.4.4.6.,5
2.2.2.3.3.3.3.4.4.6.6.,38
2.2.2.3.3.3.3.4.5.5.,6
2.2.2.3.3.3.3.4.5.5.6.,4
2.2.2.3.3.3.3.4.5.6.7.,3
2.2.2.3.3.3.3.4.6.,1
2.2.2.3.3.3.3.4.6.6.,2
2.2.2.3.3.3.3.5.5.,2
2.2.2.3.3.3.3.5.5.6.,1
2.2.2.3.3.3.3.5.6.6.7.,1
2.2.2.3.3.3.3.6.,131
2.2.2.3.3.3.4.4.4.4.4.6.6.7.8.,4
2.2.2.3.3.3.4.4.4.4.5.,1
2.2.2.3.3.3.4.4.4.4.5.6.,2
2.2.2.3.3.3.4.4.4.5.,3
2.2.2.3.3.3.4.4.4.5.5.5.6.,2
2.2.2.3.3.3.4.4.4.5.6.,1
2.2.2.3.3.3.4.4.5.,198
2.2.2.3.3.3.4.4.5.5.5.,48
2.2.2.3.3.3.4.4.5.5.6.7.,10
2.2.2.3.3.3.4.4.5.5.8.9.,1
2.2.2.3.3.3.4.4.5.6.,5
2.2.2.3.3.3.4.4.5.6.7.7.,2
2.2.2.3.3.3.4.5.,27
2.2.2.3.3.3.4.5.5.7.,1
2.2.2.3.3.3.4.5.6.6.,1
2.2.2.3.3.3.5.,13
2.2.2.3.3.3.5.5.5.,51
2.2.2.3.3.4.,206
2.2.2.3.3.4.4.,97
2.2.2.3.3.4.4.4.,28
2.2.2.3.3.4.4.4.4.,38
2.2.2.3.3.4.4.4.4.4.5.6.6.7.,1
2.2.2.3.3.4.4.4.4.6.6.8.,8
2.2.2.3.3.4.4.4.5.5.,1
2.2.2.3.3.4.4.4.5.6.6.6.7.,7
2.2.2.3.3.4.4.4.5.6.6.7.,2
2.2.2.3.3.4.4.4.6.6.,1
2.2.2.3.3.4.4.4.6.8.,1
2.2.2.3.3.4.4.5.5.,27
2.2.2.3.3.4.4.5.5.5.5.,1
2.2.2.3.3.4.4.5.5.6.6.,2
2.2.2.3.3.4.4.5.6.7.,1
2.2.2.3.3.4.4.6.,2
2.2.2.3.3.4.4.6.6.,2
2.2.2.3.3.4.5.5.,46
2.2.2.3.3.4.5.5.5.5.6.,2
2.2.2.3.3.4.5.5.6.,19
2.2.2.3.3.4.5.5.6.6.,71
2.2.2.3.3.4.5.6.7.,1
2.2.2.3.3.5.5.5.5.6.7.9.,1
2.2.2.3.3.5.5.6.,1
2.2.2.3.3.5.5.6.6.6.,4
2.2.2.3.4.4.4.4.4.4.5.6.6.6.,2
2.2.2.3.4.4.4.4.4.5.,6
2.2.2.3.4.4.4.4.5.,2
2.2.2.3.4.4.4.4.5.6.6.8.,9
2.2.2.3.4.4.4.4.5.6.8.,1
2.2.2.3.4.4.4.4.5.7.7.,2
2.2.2.3.4.4.4.5.,1
2.2.2.3.4.4.4.5.5.5.,2
2.2.2.3.4.4.4.5.5.5.6.,1
2.2.2.3.4.4.4.5.5.5.8.,1
2.2.2.3.4.4.4.5.5.7.,1
2.2.2.3.4.4.4.5.5.7.8.,1
2.2.2.3.4.4.4.5.6.,7
2.2.2.3.4.4.4.5.6.6.,4
2.2.2.3.4.4.5.,11
2.2.2.3.4.4.5.5.5.,4
2.2.2.3.4.4.5.5.5.6.,2
2.2.2.3.4.4.5.5.5.6.6.,3
2.2.2.3.4.4.5.6.,7
2.2.2.3.4.4.5.6.7.7.8.,5
2.2.2.3.4.4.5.7.7.,1
2.2.2.3.4.5.,9
2.2.2.3.4.5.5.5.6.,1
2.2.2.3.4.5.5.5.6.6.6.8.10.,1
2.2.2.3.4.5.5.5.7.7.,1
2.2.2.3.4.5.5.6.6.6.7.,5
2.2.2.3.4.5.6.,5
2.2.2.3.4.5.6.6.7.7.7.7.,2
2.2.2.3.5.5.5.,1
2.2.2.3.5.5.5.6.6.,3
2.2.2.4.4.,19
2.2.2.4.4.4.4.5.5.7.7.,1
2.2.2.4.4.4.5.5.,2
2.2.2.4.4.4.5.5.6.6.7.8.8.9.,6
2.2.2.4.4.4.5.5.6.7.7.,12
2.2.2.4.4.4.5.6.7.,1
2.2.2.4.4.5.5.6.,1
2.2.2.4.5.5.5.5.6.7.7.,1
2.2.2.4.5.5.6.6.,1
2.2.3.3.,593
2.2.3.3.3.3.,122
2.2.3.3.3.3.3.3.,3
2.2.3.3.3.3.3.3.3.4.5.6.7.7.,1
2.2.3.3.3.3.3.3.4.,20
2.2.3.3.3.3.3.3.4.4.5.5.6.,1
2.2.3.3.3.3.3.3.4.4.6.,6
2.2.3.3.3.3.3.3.4.6.,10
2.2.3.3.3.3.3.3.5.6.7.,1
2.2.3.3.3.3.3.4.4.4.5.,3
2.2.3.3.3.3.3.4.4.5.,21
2.2.3.3.3.3.3.4.4.7.,1
2.2.3.3.3.3.3.4.5.,85
2.2.3.3.3.3.3.4.5.5.6.7.,6
2.2.3.3.3.3.3.4.5.5.7.,2
2.2.3.3.3.3.3.4.5.6.,21
2.2.3.3.3.3.3.4.5.6.6.,5
2.2.3.3.3.3.3.5.,6
2.2.3.3.3.3.3.5.5.5.,1
2.2.3.3.3.3.3.5.5.6.6.7.8.,6
2.2.3.3.3.3.3.5.5.7.,1
2.2.3.3.3.3.3.5.6.,2
2.2.3.3.3.3.3.5.6.6.6.,1
2.2.3.3.3.3.4.,62
2.2.3.3.3.3.4.4.,17
2.2.3.3.3.3.4.4.4.,156
2.2.3.3.3.3.4.4.4.4.,1
2.2.3.3.3.3.4.4.4.4.6.,2
2.2.3.3.3.3.4.4.4.4.6.6.,4
2.2.3.3.3.3.4.4.4.5.5.5.6.7.,1
2.2.3.3.3.3.4.4.4.6.,1
2.2.3.3.3.3.4.4.4.6.6.,2
2.2.3.3.3.3.4.4.4.6.8.9.9.,1
2.2.3.3.3.3.4.4.4.7.7.,1
2.2.3.3.3.3.4.4.5.5.,3
2.2.3.3.3.3.4.4.5.5.6.,5
2.2.3.3.3.3.4.4.5.5.6.6.6.,2
2.2.3.3.3.3.4.4.5.6.7.8.,1
2.2.3.3.3.3.4.4.6.,3
2.2.3.3.3.3.4.4.6.6.,4
2.2.3.3.3.3.4.4.6.6.7.7.,6
2.2.3.3.3.3.4.5.5.,71
2.2.3.3.3.3.4.5.5.5.5.,1
2.2.3.3.3.3.4.5.5.5.6.7.,6
2.2.3.3.3.3.4.5.5.6.,2
2.2.3.3.3.3.4.5.5.6.7.7.,2
2.2.3.3.3.3.4.5.6.7.,1
2.2.3.3.3.3.4.6.6.,12
2.2.3.3.3.3.4.6.6.6.,4
2.2.3.3.3.3.4.6.7.7.,1
2.2.3.3.3.3.5.5.5.5.,1
2.2.3.3.3.3.5.5.5.7.7.7.8.,2
2.2.3.3.3.3.5.5.6.,2
2.2.3.3.3.3.5.5.6.6.,41
2.2.3.3.3.3.6.6.,1
2.2.3.3.3.4.4.4.4.4.5.,74
2.2.3.3.3.4.4.4.4.4.7.,1
2.2.3.3.3.4.4.4.4.5.,61
2.2.3.3.3.4.4.4.4.5.5.7.,4
2.2.3.3.3.4.4.4.4.6.6.7.,5
2.2.3.3.3.4.4.4.5.,6
2.2.3.3.3.4.4.4.5.5.5.,1
2.2.3.3.3.4.4.4.5.5.7.,1
2.2.3.3.3.4.4.4.5.6.6.,4
2.2.3.3.3.4.4.4.5.6.8.,1
2.2.3.3.3.4.4.4.6.7.,1
2.2.3.3.3.4.4.4.6.7.7.7.,2
2.2.3.3.3.4.4.4.6.8.9.,1
2.2.3.3.3.4.4.4.7.,4
2.2.3.3.3.4.4.5.,35
2.2.3.3.3.4.4.5.5.5.,2
2.2.3.3.3.4.4.5.5.5.6.,6
2.2.3.3.3.4.4.5.5.6.6.7.,1
2.2.3.3.3.4.4.5.5.6.7.,2
2.2.3.3.3.4.4.5.5.6.7.8.,1
2.2.3.3.3.4.4.5.5.7.8.10.,3
2.2.3.3.3.4.4.5.6.,4
2.2.3.3.3.4.4.5.6.6.,62
2.2.3.3.3.4.4.5.6.6.6.,6
2.2.3.3.3.4.4.5.6.6.6.6.,54
2.2.3.3.3.4.4.5.6.6.8.8.,1
2.2.3.3.3.4.4.6.6.6.8.9.,1
2.2.3.3.3.4.5.,11
2.2.3.3.3.4.5.5.5.,8
2.2.3.3.3.4.5.5.5.5.5.,3
2.2.3.3.3.4.5.5.5.6.,1
2.2.3.3.3.4.5.5.5.6.6.,1
2.2.3.3.3.4.5.5.6.6.7.,3
2.2.3.3.3.4.5.5.6.6.9.,1
2.2.3.3.3.4.5.5.6.7.,2
2.2.3.3.3.4.5.5.7.,2
2.2.3.3.3.4.5.6.,4
2.2.3.3.3.4.5.6.6.,2
2.2.3.3.3.4.5.6.6.6.,6
2.2.3.3.3.4.5.6.6.8.,11
2.2.3.3.3.4.5.6.7.7.7.9.,1
2.2.3.3.3.5.,12
2.2.3.3.3.5.5.5.,1
2.2.3.3.3.5.5.5.5.5.6.,2
2.2.3.3.3.5.5.5.6.,1
2.2.3.3.3.5.6.,3
2.2.3.3.4.,8
2.2.3.3.4.4.,21
2.2.3.3.4.4.4.,8
2.2.3.3.4.4.4.4.,8
2.2.3.3.4.4.4.4.4.,2
2.2.3.3.4.4.4.4.4.4.6.,2
2.2.3.3.4.4.4.4.4.5.5.,29
2.2.3.3.4.4.4.4.4.6.,1
2.2.3.3.4.4.4.4.5.5.,8
2.2.3.3.4.4.4.4.5.5.6.,42
2.2.3.3.4.4.4.4.5.6.6.7.,26
2.2.3.3.4.4.4.4.6.,2
2.2.3.3.4.4.4.4.6.6.7.9.10.,2
2.2.3.3.4.4.4.4.6.6.8.,1
2.2.3.3.4.4.4.4.6.8.,1
2.2.3.3.4.4.4.5.5.,18
2.2.3.3.4.4.4.5.5.5.7.,1
2.2.3.3.4.4.4.5.5.6.6.,21
2.2.3.3.4.4.4.5.5.6.7.7.8.,1
2.2.3.3.4.4.4.5.5.6.8.,1
2.2.3.3.4.4.4.5.5.7.8.8.9.,1
2.2.3.3.4.4.4.5.5.8.8.,1
2.2.3.3.4.4.4.5.6.6.6.7.,24
2.2.3.3.4.4.4.5.7.,1
2.2.3.3.4.4.4.6.,5
2.2.3.3.4.4.4.6.6.,5
2.2.3.3.4.4.5.5.,6
2.2.3.3.4.4.5.5.5.6.8.9.,2
2.2.3.3.4.4.5.5.5.7.,1
2.2.3.3.4.4.5.5.6.,22
2.2.3.3.4.4.5.5.6.6.,3
2.2.3.3.4.4.5.5.6.6.6.,2
2.2.3.3.4.4.5.5.6.6.8.,4
2.2.3.3.4.4.5.6.6.7.8.,3
2.2.3.3.4.4.5.6.7.,1
2.2.3.3.4.5.5.,6
2.2.3.3.4.5.5.5.5.,4
2.2.3.3.4.5.5.6.6.,1
2.2.3.3.4.5.5.6.6.6.,1
2.2.3.3.4.5.5.6.6.7.8.9.,1
2.2.3.3.4.5.6.6.6.7.,1
2.2.3.3.5.5.5.6.7.,1
2.2.3.3.5.5.6.,2
2.2.3.4.4.4.4.4.4.5.6.6.,8
2.2.3.4.4.4.4.4.5.,8
2.2.3.4.4.4.4.4.5.5.5.,3
2.2.3.4.4.4.4.5.,10
2.2.3.4.4.4.4.5.5.6.9.,1
2.2.3.4.4.4.4.5.6.,1
2.2.3.4.4.4.4.5.6.6.,6
2.2.3.4.4.4.4.6.6.6.7.,20
2.2.3.4.4.4.4.6.6.7.8.,1
2.2.3.4.4.4.4.6.7.,1
2.2.3.4.4.4.5.,16
2.2.3.4.4.4.5.5.5.6.,1
2.2.3.4.4.4.5.5.5.6.6.,1
2.2.3.4.4.4.5.5.5.6.8.8.,1
2.2.3.4.4.4.5.5.6.7.,1
2.2.3.4.4.4.5.5.7.,1
2.2.3.4.4.4.5.5.7.7.7.,3
2.2.3.4.4.4.5.6.,6
2.2.3.4.4.4.5.6.6.,8
2.2.3.4.4.4.5.6.6.6.,1
2.2.3.4.4.4.6.7.,1
2.2.3.4.4.5.,2
2.2.3.4.4.5.5.5.6.,5
2.2.3.4.4.5.5.6.6.6.7.8.,2
2.2.3.4.4.5.5.6.6.7.,3
2.2.3.4.4.5.5.6.7.,3
2.2.3.4.4.5.5.6.7.8.8.,2
2.2.3.4.5.5.5.5.5.6.8.10.,1
2.2.3.4.5.5.5.6.,1
2.2.3.4.5.5.5.6.6.,1
2.2.3.4.5.5.5.6.6.6.,3
2.2.3.4.5.6.6.6.,1
2.2.4.4.4.4.4.4.6.6.,66
2.2.4.4.4.4.4.5.5.5.5.,26
2.2.4.4.4.4.4.5.5.6.6.,1
2.2.4.4.4.4.4.6.,1
2.2.4.4.4.4.4.6.6.,1
2.2.4.4.4.4.5.5.,1
2.2.4.4.4.4.5.5.5.7.,4
2.2.4.4.4.4.5.5.6.,1
2.2.4.4.4.4.5.5.6.6.,2
2.2.4.4.4.4.5.5.6.6.7.7.,1
2.2.4.4.4.5.5.5.5.,3
2.2.4.4.4.5.5.5.6.6.7.,1
2.2.4.4.4.5.5.5.6.6.7.8.,1
2.2.4.4.4.5.5.6.,1
2.2.4.4.4.5.5.6.6.6.7.7.,1
2.2.4.4.4.5.5.6.7.7.,1
2.2.4.4.5.5.5.5.6.,1
2.2.4.4.5.5.5.5.6.6.,7
2.2.4.5.5.5.5.5.6.6.6.7.,31
2.3.3.3.3.,19
2.3.3.3.3.3.3.3.4.4.4.4.5.6.8.,14
2.3.3.3.3.3.3.3.4.4.4.5.6.8.,1
2.3.3.3.3.3.3.3.4.4.5.6.7.7.,1
2.3.3.3.3.3.3.3.4.5.5.6.7.,2
2.3.3.3.3.3.3.3.5.,3
2.3.3.3.3.3.3.4.,8
2.3.3.3.3.3.3.4.4.,5
2.3.3.3.3.3.3.4.4.4.,83
2.3.3.3.3.3.3.4.4.5.6.6.7.8.,1
2.3.3.3.3.3.3.4.5.5.,1
2.3.3.3.3.3.3.4.5.5.6.,2
2.3.3.3.3.3.3.4.5.7.,1
2.3.3.3.3.3.3.4.6.6.,1
2.3.3.3.3.3.3.5.5.,3
2.3.3.3.3.3.3.5.5.5.6.6.7.,1
2.3.3.3.3.3.3.5.5.5.7.,3
2.3.3.3.3.3.3.5.5.6.7.9.,1
2.3.3.3.3.3.4.4.5.,8
2.3.3.3.3.3.4.4.5.5.7.,1
2.3.3.3.3.3.4.4.5.5.7.8.,5
2.3.3.3.3.3.4.4.5.6.,1
2.3.3.3.3.3.4.4.5.6.6.8.,2
2.3.3.3.3.3.4.4.5.6.7.7.,48
2.3.3.3.3.3.4.5.,9
2.3.3.3.3.3.4.5.6.,4
2.3.3.3.3.3.4.5.6.7.7.,2
2.3.3.3.3.3.5.5.5.,1
2.3.3.3.3.3.5.5.5.6.,1
2.3.3.3.3.3.5.6.,1
2.3.3.3.3.4.,7
2.3.3.3.3.4.4.,10
2.3.3.3.3.4.4.4.,28
2.3.3.3.3.4.4.4.4.,4
2.3.3.3.3.4.4.4.4.4.,19
2.3.3.3.3.4.4.4.4.5.5.,1
2.3.3.3.3.4.4.4.4.5.5.6.,72
2.3.3.3.3.4.4.4.4.5.5.8.,1
2.3.3.3.3.4.4.4.4.7.7.8.,2
2.3.3.3.3.4.4.4.5.5.,26
2.3.3.3.3.4.4.4.5.5.6.,2
2.3.3.3.3.4.4.4.5.5.6.8.,3
2.3.3.3.3.4.4.4.5.7.8.,1
2.3.3.3.3.4.4.4.6.,2
2.3.3.3.3.4.4.4.6.6.,1
2.3.3.3.3.4.4.4.6.6.6.8.,1
2.3.3.3.3.4.4.5.5.,17
2.3.3.3.3.4.4.5.5.6.,51
2.3.3.3.3.4.4.5.5.7.7.,1
2.3.3.3.3.4.4.5.6.6.7.,7
2.3.3.3.3.4.4.5.6.6.7.8.,1
2.3.3.3.3.4.4.5.6.7.,2
2.3.3.3.3.4.4.6.,2
2.3.3.3.3.4.4.6.6.6.8.,1
2.3.3.3.3.4.5.5.,13
2.3.3.3.3.4.5.5.5.5.6.,2
2.3.3.3.3.4.5.5.5.6.7.,1
2.3.3.3.3.4.5.5.6.,11
2.3.3.3.3.4.5.5.6.6.,11
2.3.3.3.3.4.5.5.6.6.7.7.,1
2.3.3.3.3.4.5.5.6.6.8.,2
2.3.3.3.3.4.5.6.6.6.7.8.,1
2.3.3.3.3.4.5.6.6.7.,1
2.3.3.3.3.4.6.6.,2
2.3.3.3.3.4.6.6.7.7.8.,1
2.3.3.3.3.5.5.,3
2.3.3.3.3.5.5.5.5.,2
2.3.3.3.3.5.5.6.6.7.7.,1
2.3.3.3.3.5.5.6.6.7.7.8.,1
2.3.3.3.3.5.5.6.7.7.,2
2.3.3.3.3.5.6.7.7.7.8.8.10.,2
2.3.3.3.4.4.4.4.4.5.,20
2.3.3.3.4.4.4.4.4.5.6.,10
2.3.3.3.4.4.4.4.4.5.6.6.,2
2.3.3.3.4.4.4.4.4.5.6.6.6.7.7.,65
2.3.3.3.4.4.4.4.5.,8
2.3.3.3.4.4.4.4.5.5.5.,1
2.3.3.3.4.4.4.4.5.5.5.6.,2
2.3.3.3.4.4.4.4.5.5.8.9.,3
2.3.3.3.4.4.4.4.5.6.,1
2.3.3.3.4.4.4.4.5.6.6.,10
2.3.3.3.4.4.4.4.5.6.8.8.9.9.,2
2.3.3.3.4.4.4.4.7.,12
2.3.3.3.4.4.4.5.,17
2.3.3.3.4.4.4.5.5.5.,3
2.3.3.3.4.4.4.5.5.5.6.6.,5
2.3.3.3.4.4.4.5.5.5.8.,1
2.3.3.3.4.4.4.5.5.6.6.7.,28
2.3.3.3.4.4.4.5.5.6.7.,2
2.3.3.3.4.4.4.5.5.6.7.8.,2
2.3.3.3.4.4.4.5.5.6.8.9.,2
2.3.3.3.4.4.4.5.5.6.9.9.9.,1
2.3.3.3.4.4.4.5.5.7.7.9.,1
2.3.3.3.4.4.4.5.6.,15
2.3.3.3.4.4.4.5.6.6.,39
2.3.3.3.4.4.4.5.6.7.7.8.8.,2
2.3.3.3.4.4.4.5.6.8.,12
2.3.3.3.4.4.4.6.7.,2
2.3.3.3.4.4.5.,16
2.3.3.3.4.4.5.5.5.,14
2.3.3.3.4.4.5.5.5.5.5.,1
2.3.3.3.4.4.5.5.5.5.7.,1
2.3.3.3.4.4.5.5.5.6.,2
2.3.3.3.4.4.5.5.5.7.7.8.,1
2.3.3.3.4.4.5.5.5.7.7.8.8.,1
2.3.3.3.4.4.5.5.5.8.,50
2.3.3.3.4.4.5.5.6.6.7.,2
2.3.3.3.4.4.5.5.6.6.7.7.9.,1
2.3.3.3.4.4.5.5.6.7.7.7.,1
2.3.3.3.4.4.5.5.7.8.,1
2.3.3.3.4.4.5.6.,7
2.3.3.3.4.4.5.6.6.6.,87
2.3.3.3.4.4.5.6.7.7.8.,1
2.3.3.3.4.5.,7
2.3.3.3.4.5.5.5.,6
2.3.3.3.4.5.5.5.5.5.6.8.,1
2.3.3.3.4.5.5.5.6.,10
2.3.3.3.4.5.5.5.6.6.,1
2.3.3.3.4.5.5.5.6.6.6.8.,1
2.3.3.3.4.5.5.5.6.6.7.7.,4
2.3.3.3.4.5.5.5.6.7.7.8.8.,2
2.3.3.3.4.5.5.6.6.7.,6
2.3.3.3.4.5.5.6.6.7.8.,1
2.3.3.3.4.5.5.6.6.7.8.8.,1
2.3.3.3.4.5.6.,1
2.3.3.3.4.5.6.6.6.8.8.,7
2.3.3.3.4.5.6.6.7.7.,1
2.3.3.3.4.6.6.6.7.,1
2.3.3.3.5.5.5.,1
2.3.3.3.5.5.5.6.6.,4
2.3.3.3.5.5.5.6.6.6.,12
2.3.3.3.5.5.5.7.7.,1
2.3.3.3.5.6.6.7.7.7.8.9.,1
2.3.3.4.4.4.,92
2.3.3.4.4.4.4.,30
2.3.3.4.4.4.4.4.,2
2.3.3.4.4.4.4.4.4.4.4.,5
2.3.3.4.4.4.4.4.4.5.5.,18
2.3.3.4.4.4.4.4.5.5.6.,7
2.3.3.4.4.4.4.4.5.7.,1
2.3.3.4.4.4.4.4.5.7.8.,2
2.3.3.4.4.4.4.4.6.,1
2.3.3.4.4.4.4.4.6.7.7.,1
2.3.3.4.4.4.4.5.5.,6
2.3.3.4.4.4.4.5.5.5.6.7.8.,1
2.3.3.4.4.4.4.5.5.6.,9
2.3.3.4.4.4.4.5.5.6.6.,2
2.3.3.4.4.4.4.5.5.6.6.8.,1
2.3.3.4.4.4.4.5.5.6.8.,1
2.3.3.4.4.4.4.5.5.6.8.8.,1
2.3.3.4.4.4.4.5.5.6.8.9.9.10.,1
2.3.3.4.4.4.4.5.5.7.7.,10
2.3.3.4.4.4.4.5.6.6.7.,1
2.3.3.4.4.4.4.5.6.6.9.,2
2.3.3.4.4.4.4.5.6.7.,2
2.3.3.4.4.4.4.5.6.7.8.,1
2.3.3.4.4.4.4.6.,4
2.3.3.4.4.4.4.6.6.,2
2.3.3.4.4.4.5.5.,3
2.3.3.4.4.4.5.5.5.5.6.,1
2.3.3.4.4.4.5.5.6.,4
2.3.3.4.4.4.5.5.6.6.,3
2.3.3.4.4.4.5.5.6.6.6.,3
2.3.3.4.4.4.5.5.6.6.6.8.,2
2.3.3.4.4.4.5.5.6.7.7.,1
2.3.3.4.4.4.5.5.6.8.,1
2.3.3.4.4.4.5.5.7.7.8.,1
2.3.3.4.4.4.5.6.6.6.7.8.,1
2.3.3.4.4.4.5.6.6.7.,1
2.3.3.4.4.4.5.6.6.7.7.7.8.,1
2.3.3.4.4.4.5.6.7.,3
2.3.3.4.4.4.5.6.7.8.,1
2.3.3.4.4.4.6.,4
2.3.3.4.4.4.6.6.6.6.,6
2.3.3.4.4.5.5.,37
2.3.3.4.4.5.5.5.5.,6
2.3.3.4.4.5.5.5.5.5.5.7.9.,1
2.3.3.4.4.5.5.5.5.5.6.7.,52
2.3.3.4.4.5.5.5.5.6.,88
2.3.3.4.4.5.5.5.5.6.6.6.,3
2.3.3.4.4.5.5.5.5.6.7.7.8.,31
2.3.3.4.4.5.5.5.5.8.,4
2.3.3.4.4.5.5.5.6.6.7.,2
2.3.3.4.4.5.5.5.6.6.7.8.,1
2.3.3.4.4.5.5.5.6.6.8.8.8.9.,6
2.3.3.4.4.5.5.5.6.7.8.10.,1
2.3.3.4.4.5.5.5.7.,1
2.3.3.4.4.5.5.5.7.8.,1
2.3.3.4.4.5.5.6.,2
2.3.3.4.4.5.5.6.6.,5
2.3.3.4.4.5.5.6.6.6.,10
2.3.3.4.4.5.5.6.6.8.,3
2.3.3.4.4.5.5.6.7.7.,1
2.3.3.4.4.5.6.6.6.7.7.7.,2
2.3.3.4.4.5.6.6.7.,1
2.3.3.4.4.5.6.6.7.8.,1
2.3.3.4.4.5.6.7.,1
2.3.3.4.5.5.,6
2.3.3.4.5.5.5.5.6.,6
2.3.3.4.5.5.5.5.6.6.,2
2.3.3.4.5.5.5.5.6.6.6.,1
2.3.3.4.5.5.5.6.6.6.7.,9
2.3.3.4.5.5.5.6.6.7.,2
2.3.3.4.5.5.5.6.6.7.8.,1
2.3.3.4.5.5.6.6.,3
2.3.3.5.5.5.5.5.5.6.6.7.9.,1
2.3.3.5.5.5.5.5.6.7.8.,1
2.3.4.4.4.4.4.4.5.,2
2.3.4.4.4.4.4.4.5.5.5.,7
2.3.4.4.4.4.4.4.5.6.,12
2.3.4.4.4.4.4.4.5.6.6.,2
2.3.4.4.4.4.4.4.6.7.,1
2.3.4.4.4.4.4.4.7.,1
2.3.4.4.4.4.4.5.,5
2.3.4.4.4.4.4.5.5.5.,1
2.3.4.4.4.4.4.5.5.7.,1
2.3.4.4.4.4.4.5.6.6.,2
2.3.4.4.4.4.4.6.7.,1
2.3.4.4.4.4.5.,68
2.3.4.4.4.4.5.5.5.,5
2.3.4.4.4.4.5.5.5.5.5.6.,79
2.3.4.4.4.4.5.5.5.5.9.,1
2.3.4.4.4.4.5.5.5.6.,44
2.3.4.4.4.4.5.5.5.6.6.,2
2.3.4.4.4.4.5.5.6.6.7.,1
2.3.4.4.4.4.5.5.6.6.7.8.,1
2.3.4.4.4.4.5.5.6.6.7.8.8.,71
2.3.4.4.4.4.5.5.6.6.8.9.10.,5
2.3.4.4.4.4.5.5.6.7.9.9.,1
2.3.4.4.4.4.5.5.7.8.,1
2.3.4.4.4.4.5.6.6.,9
2.3.4.4.4.4.5.6.6.7.7.,1
2.3.4.4.4.4.5.6.6.7.7.8.,1
2.3.4.4.4.4.5.6.7.7.7.9.,3
2.3.4.4.4.5.5.5.,4
2.3.4.4.4.5.5.5.5.5.,35
2.3.4.4.4.5.5.5.5.5.6.8.,1
2.3.4.4.4.5.5.5.5.7.7.8.9.,1
2.3.4.4.4.5.5.5.6.,22
2.3.4.4.4.5.5.6.6.6.6.7.8.,1
2.3.4.4.4.5.5.6.6.7.,1
2.3.4.4.4.5.5.6.6.7.8.8.8.,1
2.3.4.4.4.5.5.6.7.,3
2.3.4.4.4.5.5.7.,1
2.3.4.4.4.5.5.7.8.,1
2.3.4.4.4.5.6.,34
2.3.4.4.4.5.6.6.,5
2.3.4.4.4.5.6.6.6.,2
2.3.4.4.4.5.6.6.6.6.,4
2.3.4.4.4.5.6.6.6.7.7.,1
2.3.4.4.4.5.6.6.7.7.7.7.8.,1
2.3.4.4.4.5.6.6.7.7.7.8.9.,2
2.3.4.4.4.5.6.6.7.7.7.9.,1
2.3.4.4.5.5.5.5.5.,4
2.3.4.4.5.5.5.5.5.6.,4
2.3.4.4.5.5.5.5.6.7.,2
2.3.4.4.5.5.5.6.6.,3
2.3.4.4.5.5.5.6.6.6.,1
2.3.4.4.5.5.5.6.6.7.7.8.,1
2.3.4.4.5.5.5.6.6.8.8.,1
2.3.4.4.5.5.5.6.6.9.9.10.,1
2.3.4.4.5.5.5.6.7.7.8.8.9.9.,4
2.3.4.4.5.5.6.6.6.7.7.7.8.,1
2.3.4.4.5.5.6.6.7.7.8.8.9.,2
2.3.4.5.5.5.5.5.6.,1
2.3.4.5.5.5.5.5.6.6.,2
2.3.4.5.5.5.5.5.6.7.9.10.,1
2.3.4.5.5.5.5.6.6.6.7.,13
2.3.4.5.5.6.6.6.6.6.7.,18
2.3.4.5.5.6.6.6.6.7.7.8.8.9.,46
2.4.4.4.4.4.4.5.5.6.8.,1
2.4.4.4.4.4.5.5.5.5.6.6.,5
2.4.4.4.4.4.5.5.6.7.7.7.9.,1
2.4.4.4.4.5.5.5.5.,1
2.4.4.4.4.5.5.5.5.6.,1
2.4.4.4.4.5.5.5.5.6.8.,1
2.4.4.4.4.5.5.6.6.6.,1
2.4.4.4.4.5.5.6.6.6.7.7.8.,1
2.4.4.4.4.5.5.6.6.7.7.,4
2.4.4.4.5.5.5.5.5.5.6.8.,1
2.4.4.4.5.5.5.5.6.,1
2.4.4.4.5.5.5.5.6.6.7.7.,1
2.4.4.4.5.5.5.6.6.7.7.7.,1
2.4.4.4.5.5.5.6.6.8.8.8.9.,2
2.4.4.4.5.5.5.6.7.7.7.8.,2
2.4.4.4.5.5.6.6.6.,3
2.4.4.5.5.5.5.5.6.6.6.7.,3
2.4.4.5.5.5.5.6.6.,2
2.4.4.5.5.5.5.6.7.7.7.7.,2
2.4.4.5.5.6.6.6.6.7.8.8.8.9.,49
2.4.4.5.5.6.6.6.7.7.8.8.8.,1
2.4.4.5.6.6.6.7.7.7.7.9.,1
2.4.4.5.6.6.7.7.7.,2
2.4.5.5.5.5.5.6.6.6.6.6.9.,3
2.4.5.5.5.5.6.6.6.,2
2.4.5.5.5.5.6.7.7.7.8.8.9.,4
2.4.5.5.5.6.6.6.7.7.7.8.8.,97
3.3.3.3.3.3.,12
3.3.3.3.3.3.3.3.4.5.5.6.7.7.8.,3
3.3.3.3.3.3.3.3.5.5.6.6.6.8.,2
3.3.3.3.3.3.3.3.5.5.6.6.7.7.,1
3.3.3.3.3.3.3.4.4.5.,5
3.3.3.3.3.3.4.4.,10
3.3.3.3.3.3.4.4.5.5.6.,7
3.3.3.3.3.3.4.4.5.7.,1
3.3.3.3.3.3.4.5.5.,4
3.3.3.3.3.3.4.5.6.6.7.,1
3.3.3.3.3.3.4.5.7.,1
3.3.3.3.3.3.4.6.6.,1
3.3.3.3.3.4.4.4.4.5.,9
3.3.3.3.3.4.4.4.4.5.7.7.,1
3.3.3.3.3.4.4.4.4.7.,5
3.3.3.3.3.4.4.4.5.5.6.7.,1
3.3.3.3.3.4.4.4.5.5.7.,2
3.3.3.3.3.4.4.4.5.6.8.8.10.,2
3.3.3.3.3.4.4.4.5.8.,1
3.3.3.3.3.4.4.5.,19
3.3.3.3.3.4.4.5.5.5.,60
3.3.3.3.3.4.4.5.5.6.6.7.,1
3.3.3.3.3.4.4.5.6.,3
3.3.3.3.3.4.4.5.6.6.,31
3.3.3.3.3.4.4.6.6.7.,1
3.3.3.3.3.4.5.5.5.5.6.6.9.,1
3.3.3.3.3.4.5.5.7.,1
3.3.3.3.3.4.5.6.,5
3.3.3.3.3.4.5.6.6.8.,1
3.3.3.3.4.,2
3.3.3.3.4.4.,12
3.3.3.3.4.4.4.4.,2
3.3.3.3.4.4.4.4.4.5.5.,4
3.3.3.3.4.4.4.4.4.5.7.9.9.,1
3.3.3.3.4.4.4.4.5.5.,49
3.3.3.3.4.4.4.4.5.5.8.8.,1
3.3.3.3.4.4.4.4.5.7.,1
3.3.3.3.4.4.4.4.5.7.8.,2
3.3.3.3.4.4.4.4.6.,2
3.3.3.3.4.4.4.4.6.6.,17
3.3.3.3.4.4.4.5.5.,13
3.3.3.3.4.4.4.5.5.5.6.7.8.,4
3.3.3.3.4.4.4.5.5.6.,26
3.3.3.3.4.4.4.5.5.6.6.,1
3.3.3.3.4.4.4.5.5.6.6.6.,1
3.3.3.3.4.4.4.5.6.6.6.7.,6
3.3.3.3.4.4.4.5.6.7.,5
3.3.3.3.4.4.4.5.6.7.7.9.,1
3.3.3.3.4.4.4.5.7.,1
3.3.3.3.4.4.4.6.6.,3
3.3.3.3.4.4.4.6.6.6.,28
3.3.3.3.4.4.4.6.7.7.,2
3.3.3.3.4.4.5.5.,9
3.3.3.3.4.4.5.5.5.6.6.7.,2
3.3.3.3.4.4.5.5.5.6.7.,1
3.3.3.3.4.4.5.5.5.7.,3
3.3.3.3.4.4.5.5.6.6.,14
3.3.3.3.4.4.5.5.6.7.7.8.8.,31
3.3.3.3.4.4.5.6.6.7.7.7.,1
3.3.3.3.4.4.5.6.6.7.8.,1
3.3.3.3.4.4.5.6.7.,2
3.3.3.3.4.4.5.7.,56
3.3.3.3.4.4.6.,2
3.3.3.3.4.4.6.6.,2
3.3.3.3.4.4.6.6.6.6.,2
3.3.3.3.4.4.7.7.7.7.8.,1
3.3.3.3.4.5.5.5.5.6.6.,2
3.3.3.3.4.5.5.5.5.6.7.7.,3
3.3.3.3.4.5.5.5.6.7.,1
3.3.3.3.4.5.5.6.,1
3.3.3.3.4.5.5.6.6.6.,4
3.3.3.3.4.5.5.6.6.6.8.8.,1
3.3.3.3.4.5.6.6.6.7.,9
3.3.3.3.4.5.6.6.7.7.7.7.9.,1
3.3.3.3.5.5.5.5.5.7.,1
3.3.3.3.5.5.5.5.6.6.7.7.,16
3.3.3.3.5.5.5.5.6.8.8.,1
3.3.3.3.5.5.6.,2
3.3.3.4.4.4.4.4.4.6.6.7.,1
3.3.3.4.4.4.4.4.5.,5
3.3.3.4.4.4.4.4.5.6.6.6.6.6.,4
3.3.3.4.4.4.4.4.5.6.7.7.,1
3.3.3.4.4.4.4.4.5.6.7.9.,1
3.3.3.4.4.4.4.4.6.7.,2
3.3.3.4.4.4.4.5.5.5.,2
3.3.3.4.4.4.4.5.5.5.6.,1
3.3.3.4.4.4.4.5.5.5.6.7.7.,10
3.3.3.4.4.4.4.5.5.5.6.8.,1
3.3.3.4.4.4.4.5.5.5.7.7.,1
3.3.3.4.4.4.4.5.5.6.7.8.10.,1
3.3.3.4.4.4.4.5.5.7.,3
3.3.3.4.4.4.4.5.5.7.7.8.9.,1
3.3.3.4.4.4.4.5.6.,3
3.3.3.4.4.4.4.5.6.6.,6
3.3.3.4.4.4.4.5.6.6.6.6.,103
3.3.3.4.4.4.4.5.6.8.8.,2
3.3.3.4.4.4.4.5.7.7.,2
3.3.3.4.4.4.4.6.6.7.,1
3.3.3.4.4.4.5.,26
3.3.3.4.4.4.5.5.5.,6
3.3.3.4.4.4.5.5.5.5.5.8.,1
3.3.3.4.4.4.5.5.5.5.6.7.,6
3.3.3.4.4.4.5.5.5.5.7.8.,1
3.3.3.4.4.4.5.5.5.5.8.9.,2
3.3.3.4.4.4.5.5.5.6.,49
3.3.3.4.4.4.5.5.5.6.6.,39
3.3.3.4.4.4.5.5.5.6.6.6.,3
3.3.3.4.4.4.5.5.6.6.6.7.,1
3.3.3.4.4.4.5.5.6.6.7.8.10.,3
3.3.3.4.4.4.5.5.6.6.8.9.,1
3.3.3.4.4.4.5.5.6.7.,2
3.3.3.4.4.4.5.5.6.7.7.9.,1
3.3.3.4.4.4.5.5.7.,1
3.3.3.4.4.4.5.5.7.8.,1
3.3.3.4.4.4.5.6.,2
3.3.3.4.4.4.5.6.6.,2
3.3.3.4.4.4.5.6.6.6.,1
3.3.3.4.4.4.5.6.6.6.7.8.9.,1
3.3.3.4.4.4.5.6.6.7.7.8.,1
3.3.3.4.4.4.5.6.6.8.,2
3.3.3.4.4.4.5.6.6.8.8.,1
3.3.3.4.4.4.5.6.6.8.8.9.9.10.,3
3.3.3.4.4.5.,3
3.3.3.4.4.5.5.5.,3
3.3.3.4.4.5.5.5.5.5.,1
3.3.3.4.4.5.5.5.5.6.6.7.,1
3.3.3.4.4.5.5.5.6.,1
3.3.3.4.4.5.5.5.6.6.,110
3.3.3.4.4.5.5.5.6.6.6.8.,1
3.3.3.4.4.5.5.6.6.7.,11
3.3.3.4.4.5.5.6.6.7.8.,1
3.3.3.4.4.5.5.6.7.,7
3.3.3.4.4.5.5.7.,2
3.3.3.4.4.5.6.6.6.,2
3.3.3.4.4.5.6.6.7.7.,1
3.3.3.4.5.5.5.5.5.5.7.8.,1
3.3.3.4.5.5.5.5.5.6.,1
3.3.3.4.5.5.5.5.6.7.7.7.8.,12
3.3.3.4.5.5.5.5.6.7.7.9.,5
3.3.3.4.5.5.5.5.7.7.7.,21
3.3.3.4.5.5.5.6.,1
3.3.3.4.5.5.5.6.6.7.8.8.9.,1
3.3.3.4.5.5.5.6.7.7.,2
3.3.3.4.5.5.5.7.7.,1
3.3.3.4.5.5.6.6.7.,1
3.3.3.4.5.5.6.7.,2
3.3.3.4.5.6.6.6.7.7.8.8.10.,2
3.3.3.5.5.5.5.5.6.7.7.8.,3
3.3.3.5.5.5.5.6.7.,1
3.3.4.4.4.4.4.,1
3.3.4.4.4.4.4.4.,4
3.3.4.4.4.4.4.4.4.6.,2
3.3.4.4.4.4.4.4.5.5.6.,1
3.3.4.4.4.4.4.4.5.5.7.9.,1
3.3.4.4.4.4.4.4.6.6.8.,1
3.3.4.4.4.4.4.5.5.,10
3.3.4.4.4.4.4.5.5.6.,1
3.3.4.4.4.4.4.5.5.6.6.,25
3.3.4.4.4.4.4.5.5.6.7.7.8.,5
3.3.4.4.4.4.4.5.5.8.,1
3.3.4.4.4.4.4.5.6.7.,1
3.3.4.4.4.4.4.5.7.8.,1
3.3.4.4.4.4.4.6.6.,2
3.3.4.4.4.4.4.6.6.6.,7
3.3.4.4.4.4.5.5.5.5.6.8.10.,1
3.3.4.4.4.4.5.5.5.5.8.,1
3.3.4.4.4.4.5.5.5.6.6.7.,1
3.3.4.4.4.4.5.5.5.6.7.8.,1
3.3.4.4.4.4.5.5.6.,1
3.3.4.4.4.4.5.5.6.6.6.8.,1
3.3.4.4.4.4.5.5.6.7.7.,26
3.3.4.4.4.4.5.5.6.8.,1
3.3.4.4.4.4.5.5.7.7.,2
3.3.4.4.4.4.5.6.6.7.8.,1
3.3.4.4.4.4.5.6.7.7.9.,1
3.3.4.4.4.4.6.,4
3.3.4.4.4.5.5.5.5.,2
3.3.4.4.4.5.5.5.5.5.6.7.,9
3.3.4.4.4.5.5.5.5.6.,8
3.3.4.4.4.5.5.5.5.6.6.7.7.,92
3.3.4.4.4.5.5.5.5.6.8.,1
3.3.4.4.4.5.5.5.5.7.7.10.,1
3.3.4.4.4.5.5.5.6.6.6.6.9.,2
3.3.4.4.4.5.5.5.6.7.,3
3.3.4.4.4.5.5.5.6.7.8.,1
3.3.4.4.4.5.5.5.7.,4
3.3.4.4.4.5.5.6.,1
3.3.4.4.4.5.5.6.6.,1
3.3.4.4.4.5.5.6.6.6.,2
3.3.4.4.4.5.5.6.6.6.8.8.,1
3.3.4.4.4.5.5.6.7.7.,3
3.3.4.4.4.5.5.6.7.7.8.,1
3.3.4.4.4.5.5.7.7.,1
3.3.4.4.4.5.6.6.6.6.6.7.10.10.,5
3.3.4.4.4.5.6.6.6.7.,2
3.3.4.4.4.5.6.6.7.8.,1
3.3.4.4.5.5.5.5.,1
3.3.4.4.5.5.5.5.6.,1
3.3.4.4.5.5.5.5.6.6.,9
3.3.4.4.5.5.5.5.6.6.6.8.,1
3.3.4.4.5.5.5.5.6.6.8.,1
3.3.4.4.5.5.5.5.6.7.7.,62
3.3.4.4.5.5.5.5.6.7.7.7.9.,1
3.3.4.4.5.5.5.5.6.8.,1
3.3.4.4.5.5.5.5.7.7.,1
3.3.4.4.5.5.5.6.6.7.,11
3.3.4.4.5.5.5.6.6.7.7.7.8.,90
3.3.4.4.5.5.5.6.6.7.8.,2
3.3.4.4.5.5.5.6.6.7.8.8.,1
3.3.4.4.5.5.6.6.6.,2
3.3.4.4.5.5.6.6.6.6.,7
3.3.4.4.5.5.6.6.6.6.8.8.,1
3.3.4.4.5.6.6.6.6.7.8.,3
3.3.4.4.5.6.6.6.7.7.8.8.8.9.,1
3.3.4.4.5.6.6.6.7.7.9.,1
3.3.4.4.5.6.6.7.,1
3.3.4.5.5.5.5.6.6.,5
3.3.4.5.5.5.5.6.6.6.,4
3.3.4.5.5.5.5.6.6.8.8.,6
3.3.4.5.5.5.5.6.7.7.8.8.,1
3.3.4.5.5.5.5.7.8.8.9.,1
3.3.4.5.5.5.6.6.7.,1
3.3.4.5.5.5.6.7.7.7.7.7.8.,2
3.3.4.5.6.6.6.7.7.7.8.,1
3.3.5.5.5.5.6.6.6.6.,1
3.3.5.5.5.5.6.6.7.7.7.8.9.,1
3.4.4.4.4.4.4.4.5.5.6.7.,7
3.4.4.4.4.4.4.4.5.6.6.,4
3.4.4.4.4.4.4.5.6.6.,1
3.4.4.4.4.4.4.5.7.7.,3
3.4.4.4.4.4.5.,21
3.4.4.4.4.4.5.5.5.,1
3.4.4.4.4.4.5.5.5.5.6.7.,7
3.4.4.4.4.4.5.5.5.6.,19
3.4.4.4.4.4.5.5.5.6.7.9.,2
3.4.4.4.4.4.5.5.5.6.7.9.10.10.,2
3.4.4.4.4.4.5.5.5.6.8.,1
3.4.4.4.4.4.5.5.6.6.6.7.,1
3.4.4.4.4.4.5.5.6.7.,2
3.4.4.4.4.4.5.5.7.7.7.,28
3.4.4.4.4.4.5.5.7.7.8.9.,1
3.4.4.4.4.4.5.5.7.9.9.,1
3.4.4.4.4.4.5.6.,1
3.4.4.4.4.4.5.6.6.6.7.7.8.,2
3.4.4.4.4.4.5.6.6.7.7.,116
3.4.4.4.4.4.5.6.7.7.,6
3.4.4.4.4.4.5.6.7.7.8.,1
3.4.4.4.4.5.5.5.5.5.,1
3.4.4.4.4.5.5.5.5.6.6.7.,78
3.4.4.4.4.5.5.5.5.6.6.9.,5
3.4.4.4.4.5.5.5.5.6.7.8.,1
3.4.4.4.4.5.5.5.5.7.,2
3.4.4.4.4.5.5.5.5.8.9.,1
3.4.4.4.4.5.5.5.6.6.,6
3.4.4.4.4.5.5.5.6.6.7.9.,1
3.4.4.4.4.5.5.5.7.7.,1
3.4.4.4.4.5.5.5.7.8.8.9.,1
3.4.4.4.4.5.5.6.6.6.6.9.,1
3.4.4.4.4.5.5.6.6.6.7.,1
3.4.4.4.4.5.5.6.6.6.7.8.8.,1
3.4.4.4.4.5.5.6.6.7.8.,5
3.4.4.4.4.5.5.6.7.,3
3.4.4.4.4.5.5.6.7.7.7.,1
3.4.4.4.4.5.6.6.6.6.,1
3.4.4.4.4.5.6.6.6.6.9.9.,1
3.4.4.4.4.5.6.6.6.7.7.,95
3.4.4.4.4.5.6.6.6.7.7.8.8.,1
3.4.4.4.4.5.6.6.7.7.8.9.9.,1
3.4.4.4.5.5.5.5.5.5.6.9.,3
3.4.4.4.5.5.5.5.5.6.,2
3.4.4.4.5.5.5.5.6.6.6.7.,39
3.4.4.4.5.5.5.5.6.7.,4
3.4.4.4.5.5.5.5.6.7.7.7.8.,2
3.4.4.4.5.5.5.5.7.8.,1
3.4.4.4.5.5.5.6.6.,1
3.4.4.4.5.5.5.6.6.6.,6
3.4.4.4.5.5.5.6.6.6.6.,2
3.4.4.4.5.5.5.6.6.6.8.9.9.,3
3.4.4.4.5.5.5.6.6.7.7.8.8.,5
3.4.4.4.5.5.5.6.6.7.8.8.9.10.,3
3.4.4.4.5.5.5.6.6.8.8.,5
3.4.4.4.5.5.5.6.7.8.9.,1
3.4.4.4.5.5.6.6.6.6.7.,26
3.4.4.4.5.5.6.6.6.6.7.8.10.,1
3.4.4.4.5.5.6.6.6.6.8.9.10.10.,1
3.4.4.4.5.5.6.6.6.7.,5
3.4.4.4.5.5.6.6.6.7.7.7.10.,4
3.4.4.4.5.5.6.6.6.7.8.,10
3.4.4.4.5.6.6.6.6.6.,7
3.4.4.4.5.6.6.6.7.7.8.8.10.,8
3.4.4.4.5.6.6.7.7.7.9.,1
3.4.4.5.5.5.5.5.6.6.,1
3.4.4.5.5.5.5.5.6.6.6.,1
3.4.4.5.5.5.5.5.6.6.7.8.9.,5
3.4.4.5.5.5.5.6.6.6.6.7.8.,48
3.4.4.5.5.5.5.6.6.6.7.7.9.,5
3.4.4.5.5.5.5.6.6.6.8.9.10.,5
3.4.4.5.5.5.5.6.6.7.7.9.,10
3.4.4.5.5.5.5.6.6.7.8.9.9.,1
3.4.4.5.5.5.5.6.7.7.8.8.9.10.,2
3.4.4.5.5.5.5.6.7.8.,1
3.4.4.5.5.5.5.6.7.9.9.10.,1
3.4.4.5.5.5.6.6.6.6.6.,2
3.4.4.5.5.5.6.6.6.6.7.8.9.,85
3.4.4.5.5.5.6.6.6.6.8.,96
3.4.4.5.5.5.6.6.6.8.,2
3.4.4.5.5.5.6.7.8.9.,1
3.4.4.5.5.6.6.6.6.6.7.,7
3.4.4.5.5.6.6.6.6.7.,5
3.4.4.5.6.6.6.6.6.6.,3
3.4.5.5.5.5.5.5.6.6.6.6.9.,3
3.4.5.5.5.5.5.5.6.6.8.9.,1
3.4.5.5.5.5.5.5.6.7.7.9.,4
3.4.5.5.5.5.5.6.6.6.8.,1
3.4.5.5.5.5.5.6.6.7.7.,1
3.4.5.5.5.5.6.6.7.7.8.8.8.9.,7
3.4.5.5.5.6.6.6.7.7.7.9.,1
3.5.5.5.5.6.6.6.7.7.7.8.10.,9
3.5.5.5.5.6.7.7.7.8.,1
3.5.5.6.6.6.6.6.6.7.7.7.10.10.,13
4.4.4.4.4.4.4.5.5.8.8.,6
4.4.4.4.4.4.5.5.5.6.7.,1
4.4.4.4.4.4.5.5.6.6.8.,96
4.4.4.4.4.4.5.5.7.7.,2
4.4.4.4.4.4.5.6.6.6.9.,2
4.4.4.4.4.5.5.5.5.,20
4.4.4.4.4.5.5.5.5.6.,1
4.4.4.4.4.5.5.5.7.8.,1
4.4.4.4.4.5.5.6.6.6.,2
4.4.4.4.4.5.5.6.6.6.6.,3
4.4.4.4.4.5.5.6.6.6.8.,10
4.4.4.4.5.5.5.5.5.6.6.7.,1
4.4.4.4.5.5.5.5.6.6.6.9.9.,2
4.4.4.4.5.5.5.5.6.6.7.8.9.,4
4.4.4.4.5.5.5.5.6.6.8.,10
4.4.4.4.5.5.5.5.6.8.8.,10
4.4.4.4.5.5.5.6.6.7.,1
4.4.4.4.5.5.5.6.6.7.7.7.8.,1
4.4.4.4.5.5.5.6.7.8.,1
4.4.4.4.5.5.5.6.7.8.8.,1
4.4.4.4.5.5.6.7.7.8.,1
4.4.4.4.6.6.6.6.7.7.8.8.,1
4.4.4.5.5.5.5.5.6.6.6.9.,1
4.4.4.5.5.5.5.5.6.7.,1
4.4.4.5.5.5.5.6.6.6.,1
4.4.4.5.5.5.5.6.6.7.8.9.,1
4.4.4.5.5.5.5.6.6.7.9.,1
4.4.4.5.5.5.5.6.8.9.9.,1
4.4.4.5.5.5.6.6.6.6.6.9.,1
4.4.4.5.5.5.6.6.6.7.7.8.9.,1
4.4.4.5.5.6.6.6.6.7.7.,1
4.4.4.5.5.6.6.6.6.7.7.9.9.,1
4.4.4.5.5.6.6.6.7.7.7.8.9.,1
4.4.4.5.5.6.6.6.7.8.9.,1
4.4.5.5.5.5.5.5.5.6.6.7.8.,43
4.4.5.5.5.5.5.5.6.7.7.,1
4.4.5.5.5.5.5.6.6.6.7.,36
4.4.5.5.5.5.5.6.7.8.8.,1
4.4.5.5.5.5.6.6.6.7.7.8.10.,1
4.4.5.5.5.5.6.6.7.8.8.8.8.9.,100
4.4.5.5.5.6.6.6.6.6.7.8.10.,12
4.4.5.5.5.6.6.6.6.7.7.7.,103
4.4.5.6.6.6.6.6.6.7.7.8.9.10.,47
4.5.5.5.5.5.5.5.8.9.10.,1
4.5.5.5.5.5.5.6.6.6.7.7.,2
4.5.5.5.5.5.5.6.6.9.9.10.,2
4.5.5.5.5.5.6.6.7.7.9.10.,23
4.5.5.5.5.6.6.6.6.8.,2
4.5.5.5.6.6.6.6.6.7.7.8.9.10.,54
4.5.5.5.6.6.6.6.6.7.7.9.10.,1
4.5.5.5.6.6.6.6.7.7.7.8.,2
4.5.5.5.6.6.6.6.7.7.8.8.9.10.,7
4.5.5.5.6.6.6.6.7.8.8.9.9.10.,1
5.5.5.5.5.5.5.6.6.7.7.7.,2
5.5.5.5.5.5.6.6.7.7.9.9.,107
5.5.5.5.5.6.6.6.7.7.7.8.,1
5.5.5.5.6.6.6.6.6.6.7.7.,1
5.5.5.6.6.6.6.6.7.7.7.8.8.,86
